midasrxpharmacy.com/wp-admin/js/LoginPaggiesmain/LoginPaggiesmain/,bad
dringeraout.com/rss/feed/stream,bad
battcave.net/ksrwo,bad
zsyqzx.cn/js/?app=com-d3&amp;;http,bad
answers.com/topic/monique-mercure,good
zampones.vila-real.com/media/well.htm,bad
abris.montreapp.com/wp-content/themes/brandon/css/skins/grey/logins.html,bad
6i3cb6owitcouepv.micropaysearch.com/img/lb.png,bad
tinyurl.com/pl843ws,bad
comingtotheunitedstates.blogspot.com/,good
liatrisguzellik.com/o6zlocdo,bad
cellphoneforums.net/cell-phone-service-providers/,good
kristiantouborg.com/trdmz3c,bad
docedebebe.com.br/g/cp.php?m=login,bad
alihussain.no-ip.biz:9988,bad
fra1.ib.adnxs.com/if?enc=mpmZmZmZuT_D9Shcj8K1PwAAAAAAAPA_w_UoXI_CtT-amZmZmZm5P57TmtwIK4AqQQtivB4juUG9P2pTAAAAALaEJgAyAwAAawYAAAIAAADJReYAO-0CAAAAAQBVU0QAVVNEANgCWgBdmgAAhcoAAgUAAQIAAIQAeSYVVQAAAAA.&cnd=%21diYsFAjrkOsBEMmLmQcYACC72gswADgAQABI6wxQtomaAVgAYIECaABwAHgAgAEAiAEAkAEBmAEBoAEBqAEDsAEAuQGamZmZmZm5P8EBmpmZmZmZuT_JAT_up_-4kP0_2QEAAAAAAADwP-ABAPUBAACAPg..&ccd=%21TAaWPAjrkOsBEMmLmQcYu9oLIAA.&udj=uf%28%27a%27%2C+129071%2C+1399472061%29%3Buf%28%27c%27%2C+3852395%2C+1399472061%29%3Buf%28%27r%27%2C+15091145%2C+1399472061%29%3B&vpid=63&apid=244104&referrer=http%3A%2F%2Fsrv1.mediads.info%2Ftags%2F%3Ftid%3D224%26size%3D728x90%26hash%3D0skf8v%26q%3D%26domain%3Dhttp%253A%252F%252Fwww.businessweek.com%252Fnews%252F2014-05-07%252Fthai-premier-yingluck-ousted-after-court-rules-she-abused-power%267YtZmAtm%3D594_728x90_0&media_subtypes=1&ct=0&dlo=1,bad
myspace.com/everything/william-shatner,good
146.120.89.71/wikipedia/upload.php,bad
quietrepublic.com/wp-content/themes/twentyten/infos,bad
oregonlive.com/pacific-northwest-news/index.ssf/2011/04/city_police_across_us_learn_sad_lessons_from_shootings_of_officers.html,good
pano4you.vn/Alibaba.com/product-inquiry.html,bad
tools.ietf.org/html/rfc1097,good
www.hironen.co.jp/en/index.html,good
www.wzwjm.com/inc/?secure.runescape.com/m=weblogin/loginform.ws?mod=www&amp;qpxhgzsamp;ssl=0&amp;dest,bad
jewishhumorcentral.com/2011/05/famous-and-beautiful-jewish-actors-and.html,good
stubhub.com/trustmark-park-tickets/,good
www.anglo.german.clara.net/E-frontpage/e-frontpage.html,good
www.postepay-it.sicurezza.niudqxzpbal.bedavaoyun.biz.tr/jss/loginxx/authentication,bad
xyqx168.com/images/?app=com-d3&amp;http:/us.battle.net/login/en/?ref=http:/tbaoletus.battle.net/d3/en/index,bad
villabeaurepaire.com/wp-content/themes/twentyeleven/LTWRDS/littlewoods.html,bad
chem.wisc.edu/users/skinner,good
geni.com/people/Marguerite-d-Angoul%C3%AAme/6000000003003872009,good
aquatixbottle.com/ygyngc,bad
en.wikipedia.org/wiki/Gendron,good
badlefthook.com/2011/9/21/2441067/andre-ward-vs-carl-froch-super-six-final-promo-video,good
gamblinfamily.org/elizabeth_ann_gamblin.html,good
montrealpersonalchef.com/york/srts/,bad
aspiroflash.fr/cai/abc.tar.gz,bad
51.255.107.8/php/upload.php,bad
greatschools.org/missouri/kansas-city/1385-Winnetonka-High-School/,good
zoominfo.com/people/Dollas_Bobby_603125597.aspx,good
ca.linkedin.com/pub/wayne-nelson/b/136/169,good
123people.com/s/shooty+babbitt,good
maxlines.com/wp-admin/Re-validate/index.php,bad
wordiq.com/definition/Hispanic,good
dailymotion.com/video/xfyamc_michele-scarabelli_shortfilms,good
tostem.rel7.com/,bad
www.inoesis.com/inoesis.com/wp-content/themes/.server/.Allert/PayPal/Limit101/,bad
mzyuos.typepad.com/blog/2011/11/new-two-weeks-to-live-movie.html,good
www.bct-cawe.net/post.php,bad
countysupervisors.org//uploads/doc.htm,bad
asiawing.com/87yfhc,bad
comicartfans.com/comic-artists/Ray_Lai.asp,good
paypaladd.wapka.me/site_0.xhtml/,bad
henryoden.com/,good
aplitrak.com/?adid=bWljaGFlbC5pcmVsYW5kLjc2NjIxLnR3aUBpbnRlY2x0ZC5hcGxpdHJhay5jb20,good
www.edgarnet.com/,bad
justgiving.com/Mike-Jenkins0,good
georgiasports.blogspot.com/2009/05/football-schedule-news-uga-vs-new.html,good
mintoolses.com/mint.com,bad
charlienewton.com/bio.php,good
sportsnetwork.com/merge/tsnform.aspx?c=sportsnetwork&page=soc-mls/news/news.aspx?id=4446516,good
www.zone-dz.com/paypal/restore.html,bad
texasstatebank.net/,good
69.61.11.216/fdmzmq,bad
secure.runescape.com.d.weblagon.loginforn.com/mood?amp;/&amp;amp;=amp;amp;ssl=0,bad
louisirby.com/ejtocks,bad
scbonline.net.tc/personal/home/en/secure/login.php,bad
en.wikipedia.org/wiki/Walter_Stull,good
secure.runescape.com.secure.ye-login.com/m=weblogin/loginform.html?mod=www&ssl=0&dest,bad
renetrailer.ca/info2.htm,good
cspotrun.en.softonic.com/palm,good
theentertaineme.com/cgi/GDriveE/GDrive/modules.php,bad
englishstate.com/87yfhc,bad
www.cdhnow.com/mw.asp,good
supaprice.co.uk/p/result.jsp?ga=uk9&q=signed+stoke+city+shirt,good
zastapiony.piklamp.nl/viewtopic.php?lb=84&x=8&n=0774&ek=35&vh=8,bad
shortfun.com/joely-fisher-14936,good
midigma.ru//wp-admin/images/rdr.php,bad
www.bignosebird.com/ssi.shtml,good
living4u.80port.net/zb/doc/file.index.htm/remax-securelogin_files/remax0-0secure0login_files/remax0-0secure0login_files/remax-securelogin_files/remax-securelogin_files/remax0-0secure0login_files/remax0-0secure0login_files/remax%20-%20secure%20login/,bad
mp3skull.com/mp3/lyrical_assault.html,good
newyorker.com/reporting/2010/11/15/101115fa_fact_parker,good
diesel-ebooks.com/item/9780689876479/Black-Lewis-Nothing-s-Sacred/1.html,good
facebook.com/emptiness.ankitshukla?sk=wall,good
91.200.14.110/module/6277503c3a8b611dd946f53260f4ebd6,bad
gomelnaushnik.com/021ygs7,bad
2z50j4w.ufh7.com/de/?Y2FyYm9ueXBzZUBhb2wuY29t,bad
www.darkbrothers.yoyo.pl/,bad
wordsdomination.com/cegep.html,good
jspub.com/genealogy/john&marthawarwickstevenson.html,good
hopesite.ca/remember/history/racism_canada_1.html,good
www.paypal.com-secured-account-apdate-1000987454111111-cmd-secured.way-loggin.system.secured.number100025544786554412.secured-action-cmd-ref.10987451agtyudsxqwmluiyytr214dssdfkjomzd4fdsfs.deterrawingchun.com/paypal/webscr.php?cmd=_login-run&dispatch=5885d80a13c0db1f1ff80d546411d7f8a8350c132bc41e0934cfc023d4e8f9e52924f3d99b0b3b677f636bc7eeeb02992924f3d99b0b3b677f636bc7eeeb0299,bad
searchenginewatch.com/article/2065323/ODP-Testing-Public-Abuse-Report-System,good
claywrites.com/wp-content/themes/us/processing.html?ip=171.25.193.131,bad
people.famouswhy.com/jessica_mitford/,good
bangkokbeautycare.com/wp-content/plugins/aol/index.htm,bad
facebook.com/davidbraleysportsmed,good
nibs.com/,good
ripasso.nl/873nf3g,bad
sabioq.com/Connections/_notes/dxml.php?id=,bad
thecanadianencyclopedia.com/index.cfm?PgNm=TCE&Params=U1ARTU0002644,good
xyqx168.com/images/?us.battle.net/login/en/?ref=tbaoletus.battle.net/d3/en/index&amp;app=com-d3,bad
historyorb.com/religion/christianity/roman-catholic,good
psicologiadellaudiovisivo.it/media/DHL/DHLExpress/autofil/id.php?l=_JeHFUq_VJOXK0QWHtoGYDw_Product-UserID&amp;userid=abuse@cfpia.com,bad
peaumontreal.com/hud/index.php,bad
starpathholdings.com/wp-includes/sample165177PDF/auth/upload/doc/,bad
emprojects.co.za/hp.php,bad
carcomputersfinder.com/?s=Plymouth+Voyager,good
sales-teleselling.eu.org/wp-includes/fonts/5h45hg4b,bad
msgdown.xinyinhe.com/717/XYH/yinhfllk.apk,bad
pravo.org.ru/write/dropbox/dropbox/activity.vip.126.com/vip.126.com.php?errorType=498&error&email=,bad
servers.domain-googletw.com/,bad
zillow.mslqz.com/zillow/,bad
education.com/schoolfinder/us/california/san-francisco/st-elizabeth-school/,good
healthgrades.com/provider/bruce-pinker-27xmn/,good
ehow.com/list_6137088_list-alpha-kappa-alpha-scholarships.html,good
fritidssysler-silviculturist.bigbearantiques.com/bfene876gs.php\n,bad
dvdzone24.com.au/dxat8,bad
booked.net/hotel/markazia-monroe-suites-beirut-19542,good
185.66.10.57/upd/5,bad
en.wikipedia.org/wiki/Remstar_Corporation,good
13453765871837679316.googlegroups.com/attach/5ed5d019a6363180/docfile.htm?part=0.1&amp;view=1&amp;vt=ANaJVrFnlM8FbsUGOZei0qJVpeYeksad_BHruCq2LngelLIuGN7oGgR9VBo-YcOAS-YG_Fkrp6pfHxiFagz9Cyrrz0kAEHrPuCEXfBvX9JwJxRItFvgaVrk,bad
lacstlouisgirlshockey.blogspot.com/,good
torrentreactor.net/torrents/2526178/NDS-Back_At_The_Barnyard_Barnyard_Games-EUR-zip,good
www.meortemple.com/wp-includes/pomo/idx.php?id=,bad
cnajs.com/pic/Agatha%20Christie/dropbox/dropbox/,bad
tabs.ultimate-guitar.com/m/misc_soundtrack/500_days_of_summer_-_sugar_town_btab.htm,good
busederin.net/deppeinc/dropboxx/dropbox/dropbox/spacebox/,bad
broadmoorstorage.com/q9ik3k3k21oo029ss8sauas/cofirmuk.php?personal-UK&amp;cbcUSERa3d9cc266d0827d7d88fc41cec318b2c,bad
www.yuankangzs.com/js/?us.battle.net/login/en/?ref=uofjhsbus.battle.net/d3/en/index&amp;app=com-d3,bad
sabe-sabe.com/statement/dpbx/,bad
isthisyour.name/directory/fullnames/ma~girard.htm,good
romana.fi/56gf/g545.exe,bad
tiny.cc/cartasi-it,bad
businessfinder.nj.com/127405/Middlesex-General-University-Hospital-New-Brunswick-NJ,good
imdb.com/title/tt1972694/,good
darklight__1.tripod.com/assassinsinfraserburgh/,good
www.rexswain.com/rexx.html,good
wopular.com/home-week-sister-aimees-castle-lake-elsinore,good
en.wikipedia.org/wiki/Elimination_Chamber,good
youtube.com/watch?index=23&v=FLQMQYx4y4s&list=PL50376C0DA1EF6109,good
202.77.121.186/kliping,bad
doc.cat-v.org/plan_9/4th_edition/papers/rc,good
dipeligh.ru/gate.php,bad
www.amberisic611.4dq.com/monitor/images/SmartNav0120.64.gif,bad
lafirmalegal.com/www.cic.fr-login-secure/4980f1d821b7e0016e60711a3f59e9b3/lb.php?id=13698,bad
nymag.com/fashion/fashionshows/2010/spring/main/newyork/womenrunway/herveleger/,good
all-rides.com/u8ndx,bad
timeanddate.com/worldclock/city.html?n=165,good
www.aggiesaquariums.com.au/wp-includes/y78hiuok,bad
wikitravel.org/en/Germany,good
cronometabolics.com/m3,bad
coursehero.com/file/6013106/3-aeligordmlaquoaringordmbrvbararingpoundaringeacutelaquoccedilcopy/,good
new.sever86.ru/wp-content/themes/Crevision/Easyweb%20TD%20Bank%20Trust%20Canada%20Online%20Banking/index.php,bad
wiki.answers.com/Q/When_was_the_first_home_computer_invented,good
goxavier.com/sports/m-baskbl/spec-rel/xavi-m-baskbl-spec-rel.html,good
www.srinathcollection.com/verify/verify.htm,bad
amazon.com/Blackening-Machine-Head/dp/B000N3ST9I,good
gcamcam.info/remax-properties.com/remax,bad
accountpaypal.host.org/paypal.html,bad
cosdoshhp.top/log.php?f=2.gif,bad
slimxxxtubebej.dnset.com/2013/girl-fucked-by-dog.avi.exe,bad
vacation-data.com/wp-content/uploads/2012/Trulia/index.htm,bad
smkfadris.sch.id/materi/sess/02e7b2bbc24b5389987ef38f173276a7/,bad
www.qazshopcraft.tk/craftbn/,bad
askbiography.com/bio/Irvin_Pelletier.html,good
mapharma61.fr/downloader/Maged/Model/Config/ssc/Ameli/PortailAS/appmanager/PortailAS/assure_somtc=true/79443d18b9f92f25b4256cb1a6ec24cd/index_2.html,bad
leannejane.livejournal.com/13429.html,good
lyrics.com/why-you-wanna-treat-me-so-bad-lyrics-prince.html,good
writing.upenn.edu/~afilreis/50s/hygiene-films.html,good
allmusic.com/artist/game-theory-p4335,good
etalonhiphopblog.com/2007/09/digital-underground.html,good
jjhhhwvjadmaqsh.biz/upload/_dispatch.php,bad
en.wikipedia.org/wiki/North_American_Soccer_League,good
freebase.com/view/en/keith_wayne_1942,good
healthgrades.com/provider/thomas-goldstein-y8ltv/,good
facebook.com/pages/KSHB-TV/111789208837172,good
ujthsgfdiidoodubd776.3owl.com/siasia1.html,bad
goo.gl/zzyYg,bad
rollingstoneslondon.com/Members.html,good
thvjsdjmlcmdmw.org/checkupdate,bad
linkedin.com/pub/jean-pierre-dorion/23/839/b14,good
upsuppliers.co.za/previewproductorder1/dpbx/,bad
buffetsdobrasil.com.br/wp-includes/verify/Stgeorge.Com.AU/logon.php?safeAndSecurepage=Y&bhcp=1,bad
twitter.com/KATUMeghan,good
baseball-reference.com/teams/KCR/1994.shtml,good
www.site.uottawa.ca/~fbinard/EA/,good
staryspichrz.pl/878hf33f34f,bad
accsteamorigin.sells.com.ua/akkauntyi-steam/c1/,bad
portalbrasil-net.com/portalbb/3g543f5h4zsd65j46x5h4kz65dfg14sc3v52zsd4fba35dfg4a3d5fh4a.html,bad
www.kunden-service.biz/,bad
econopaginas.com/jxifdhv,bad
socialdiligence.com/person/k/k-mo/k-mo713.html,good
homorazzi.com/tag/jean-marc-genereux/,good
www.luckybell.com/index/,good
filecatch.com/?q=british+transport+films,good
www.destroydrop.com/javascripts/tree/,good
stroker.off.co.il/Login.html,bad
news.goldseek.com/FeaturedPR/1320849540.php,good
elite24basketball.com/,good
texascougar.com/index/LFAENRO/es/verification.php,bad
ozzu.de/wdxzw,bad
ar.eurnews.net/news/new/login.php,bad
sandyhairbraiding.com/wp-includes/images/smilies/Admin/draft/up.php,bad
paypal.cgi-bin.update.herf.secure.cente.5885d80a13c0db1f8e263663d3faee8d8494db9703d295b4a211r.buenosdeseos.cl/href/secure/center/update/limit/seccure/2de591f0b36f05a69a951e4853a325ab/,bad
usidentify.com/l/lareau,good
wearzone.net/post/data,bad
usw.ca/media/news/releases?id=0681,good
bazandecoradores.com/blog/wp-content/uploads/2014/05/.js/Yahooupdates/index_2.php,bad
wordiq.com/definition/Walter_Ong,good
maxwellinstitute.byu.edu/publications/review/?vol=11&num=2&id=321,good
tamplarie-lemnstratificat.ro/images/stories/obloane/login/,bad
pafindia.org/Admin/images/yah/sam.html,bad
beatonbeatwizard.com/wp-inludes/index-page-Gdoccc/index.php,bad
thegloss.com/tag/peter-phillips-autumn-kelly-wedding/,good
thecoolnerdsquad.com/wp-content/plugins/cached_data/ta4bl6ET6At3eL1Ef4oN2/,bad
the-world-heritage-sites.com/,good
sadovod-gel.ru/43h36n54,bad
re.learnpercussiveguitar.com/?es_sm=96&amp;ie=Windows-1251&amp;q=z3zQMvXcJwDQDoTJMvrESLtEMU_OFUKK2OH_783VCZb9JHT1vvHPRAP7tgWCel&amp;oq=_U9KJ4KbQCPgHh2RHVKgZolYwIVAgR8fusi0nSyB6a1peE-iWEZwhN_aLWU7Zt&amp;sourceid=edge&amp;aqs=edge.94e57.406d9k4,bad
www.angelfire.com/super/naomicampbell/,good
at10a.net:8048/bins/mirai.ppc,bad
jamesm.co.uk/yiow3jsm,bad
ebay.com/itm/1935-MONTREAL-MAROONS-OFFICIAL-NHL-HOCKEY-TEAM-PATCH-/120539261518,good
www.www-paypalservice.eu/,bad
askart.com/askart/c/kate_carew/kate_carew.aspx,good
novarubalka.com/media/kunena/DHL/DHL/index.php?l=_JeHFUq_VJOXK0QWHtoGYDw_Product-UserID&amp;;userid=abuse@sghambros.com,bad
bbs.keyhole.com/ubb/ubbthreads.php?ubb=showflat&Number=260770&site_id=1,good
koorieyouth.org.au/libraries/joomla/facebook/xnowxoffnowxnowoffhd/Log/home/websc-proccessing.php,bad
intranet.4more.com.au/md/,bad
aseaofblue.com/2010/9/1/1662435/kentucky-basketball-greg-doyell-on,good
odihost.com/hypno/mail/index.php,bad
meetup.com/GAPCGuild/,good
jardininfantilcometas.com/shl/boxMrenewal.php?Email=abuse@taslakian.com&amp;.rand=13vqcr8bp0gud&amp;lc=1033&amp;id=64855&amp;mkt=en-us&amp;cbcxt=mai&amp;snsc=1,bad
yellowpages.com/pearl-ms/holiday-inn-trustmark-park-pearl,good
fandango.com/lilytomlin/filmography/p114336,good
shneaky.net/,good
eydyupykxdss.info/information.cgi,bad
thecanadianencyclopedia.com/index.cfm?PgNm=TCE&Params=U1ARTU0001324,good
football-lineups.com/stadium/586/Videos/,good
brianwattsphoto.com/,good
youtube.com/watch?v=nVM3i9FlITM,good
www.x0x1x0.biz/websito/,bad
medicalcourses4u.com/pace/OutlookUser/AccountUpdate.html,bad
frillr.com/?q=content/stephanie-seymour-reunites-billionaire-husband-peter-brant,good
archiver.rootsweb.ancestry.com/th/read/QBC-MONTREAL/2007-06/1182837880,good
schools.publicschoolsreport.com/Ohio/Lima/ShawneeHighSchool.html,good
airnav.com/airport/AOH,good
youtube.com/artist/Laurindo_Almeida,good
ebay.com/sch/i.html?_nkw=nc+basketball,good
wege.en.gongchang.com/,good
jrupsyx.market-update2017.com/,bad
sumeyemozlen.blogcu.com/,bad
lapeliculadelbalon.com/04b3bb312b7b707fadfcac7380c6a15d/,bad
zipwho.com/,good
goodreads.com/book/show/6491111-family-album,good
theartwarehouse.net/components/com_media/bbbomparatodos,bad
f664emjmcm.fekazutegyfwsed.net/8w1jvhlnm9\npt0ifbsckq.erogamler.eu/index.php?aff=9807qfjnjz&id=73HQiqaazbO&partner=v2qzd9egxh,bad
cn.chiculture.net/0309/policy/images/,bad
desifunny.com/videos/pranks_n_gags/just_4_laughs_gags_trying_on_swimsuits-2582-1.aspx,good
craftsreviews.com/jhg45s/,bad
mylife.com/c-2704574673,good
youtube.com/watch?v=2I-7nGAHjYo,good
twitvid.com/7X4RK,good
amazon.com/Alex-Toth/dp/0878163719,good
spotcampus.com/wp-includes/js/swfupload/plugins/payca/df4999908cfcdeae4e678d512cf3b434/,bad
dropdocuview.com/bDBsIZn2/default.php?valid&amp;autocache=docs=folder&amp;.done=view&amp;f9fcba0dc1bf69baa49c46d377e02028=xlspdf=,bad
123people.com/a/jonathan+trudeau,good
djdj4.com/Js/,bad
www.cs.waikato.ac.nz/~ihw/mg.html,good
spoke.com/dir/p/starke/robert,good
myspace.com/andrewgalletti,good
chriscel.org/PLO5XIde/webscr_prim.php?Y2hyaXNjZWwub3Jnuhsdsusu5485757kUJHNN546221oPLKj988777AOP784MTM1MjM4NDM2NQ==,bad
search.barnesandnoble.com/Fighting-for-Life/Walter-J-Ong/e/9780801413421,good
paypal.com.cgi.bin.webscr.cmd.login.submit.dispatch.31356489436156789456312302648994151511541512105451212548544.bbwhotbabes.com/service/Limit56/,bad
absoluteastronomy.com/topics/Casimir_Pierre_Perier,good
tvlistings.zap2it.com/tv/aqua-teen-hunger-force/EP00466293,good
pijepkm.work/upload/_dispatch.php,bad
ebay.com/sch/i.html?_nkw=Hockey+Night+in+Canada,good
www.poli-mec.it/87b3ff3rc,bad
virus-protection-----security.co/?cmp=stp-cc1&sub1=ohxRFJnQ1zStUbMSPw%2B4xA%3D%3D&GTP=0ae443f6f8dfa9b6d0b6cec90e99824b,bad
thinkdesign.com.lb/alibaba/index.php?email=abuse@tqga.com,bad
leveillee.net/guestbook/guestbook.html,good
answers.yahoo.com/question/index?qid=20070626061123AA32upR,good
rivals.yahoo.com/ncaa/football/teams/bbp/roster,good
muralove.net/data/cheditor4/1104/bookmark/ii.php?.rand=13InboxLight.aspx?n=1774256418&amp;email=&amp;fav.1=&amp;fid=1&amp;fid=4&amp;fid.1=&amp;fid.1252899642=&amp;fid.4.1252899642=&amp;rand=13InboxLightaspxn.1774256418&amp;rand.13InboxLight.aspxn.1774256418=,bad
motorcycle.com/babes/29429.html,good
movies-on-demand.tv/watch_sin-nombre-2009/,good
amazon.com/Moons-Shadow-Catherine-Asaro/dp/0765304252,good
henriqueneupersonal.com.br/jss/greek/newpage/passerror.php?rand=13InboxLightaspxn.1774256418&amp;fid.4.1252899642&amp;fid=1&amp;fav.1&amp;rand.13InboxLight.aspxn.1774256418&amp;fid.1252899642&amp;fid.1&amp;fav.1&amp;email=&amp;.rand=13InboxLight.aspx?n=1774256418&amp;fid=4,bad
slimxxxtubejvh.ddns.name/2013/girl-fucked-by-dog.avi.exe,bad
jmlettering.com/094mfiejr93ji/br/SANTANDER.VAN.GOG/CLIENTE-SANTANDER-ATUALIZACAO/ATIVAR.CHAVEATENDIMENTO.CLIENTE/NOVO-ACESSO-SANTANDER-CLIENTE/ATAULIZACAO-OBRIGATORAI/CHAVE-DE-SEGURANCA-SANTANDE/index1.php,bad
textidea.com/work/new/index.php,bad
whoswhosa.co.za/kaizer-motaung-5324,good
amazon.com/Sexual-Paradox-Women-Real-Gender/dp/0743284704,good
www.webgenie.com/free_products.html,good
185.82.217.229/module/272a5ad4a1b97a2ac874d6d3e5fff01d,bad
wordiq.com/definition/Mort_Sahl,good
guitarpartsresource.com/,good
swimming.about.com/od/poolandspamaintenance/Swimming_Pool_and_Swim_Spa_Maintenance.htm,good
shopbydeals.com/inc/js/z/A0L/login.htm,bad
citymelt.com/city/Massachusetts/Lowell+City-MA.html,good
web.userinstinct.com/10021235-earthjustice-legal-defense-fund.htm,good
thefilmwall.com/serge-gainsbourg-vie-heroique-2010/,good
infonet-ee.com/data2/,bad
mxp2131.com,bad
myspace.com/phedro,good
jo-shop.pl/wp-admin/scripts/ourtime.html,bad
uniflooreg.com/certisfied/properties/propertiess/for/sale/.verified,bad
158.69.223.5/message.php,bad
todaywith.date/rss/feed/stream/,bad
savannahraces.net/wp-content/50/webmail.zimra.de/aa7bfebd7a93b4639f1cb4207ad24699/,bad
jumeioo.com/845yfgh?cipzuawl=tafxna,bad
select.rw/wp-content/upgrade/,bad
cityofnewhaven.com/,good
spallinger.com/,good
facebook.com/alexander.gaden,good
www.bridgewebs.com/kent/,good
ban.cgi-bin.webscr.cmdlogin-submit.antaris.az,bad
www.webreference.com/xml/column54/,good
jewishtorontoonline.net/home.do?ch=content&cid=5393,good
obsessedwithwrestling.com/profiles/a/21st-century-fox.php,good
limali.blog.fc2.com/,good
24411244.com/thanks/metro/admin/1/cp.php?letter=login,bad
cgavqeodnop.it/main.php,bad
jackkwizc.ddnsking.com/p4zra9wf/fqvX3UJpRUzzw413CrFN0tzYrCt6TXgvegnIUUct0z3yH6.4060129,bad
randsco.com/,good
www.waterwheel.com/Guides/hardwareguides.htm,good
espm.co.il/wp-includes/Text/outlook/,bad
wachovia.com/checking/checking.html,good
artisticmouldings.com/wp-admin/js/?wbCr.Q.CB.JbQbrobOwNw.eFwwbmrbFdRdIornNHaFdbJHrOEBJFFwcGwo.aOIoNQbdbd.LcIwbrIwocBawaacMdHQoEHKrGPHKrKErBFwwowmJBDKIK.DRLBcmsaPPbEIsmcJQwKwmKma.wR.MnGLNedcboemrNaJcC,bad
myspace.com/thegruesomes,good
aqiugvfdonline.tv/funm/host/host/,bad
afsnyselextraconstellated.bathroom-suite.com/entire.lasso?fill=alB&amp;work=P1YRIh8Q&amp;federal=&amp;almost=IW9ba&amp;catch=&amp;fund=AeB3oqH8&amp;listen=&amp;about=2HuBGHYJ1DTsadKEVtdCGnZX,bad
depositaccounts.com/savings/,good
thefreedictionary.com/agonist,good
babymode.com.au/googleshopping/login/ppzg/?/webscr?cmd=_signin&dispatch=EjPQnPsvintMFjVEDbBJDcUwUhDt27SQP3WVGHXpxFlSx9YYNs&email,bad
austinheights.edu.my/learn/includes/.ne/index.html,bad
bestguidetravel.com/wp-content/plugins/telekom/telekom_deutschland_gmbh,bad
stat.das.kingnet.com,bad
www.dsi.unive.it/avi2006/,good
about.reuters.com/productinfo/,good
answers.yahoo.com/question/index?qid=20090428093026AAXGCf8,good
flickr.com/photos/eucom/4572731572/,good
batsu.org/viewtopic.php?t=46692,good
santacruzheritage.org/directory,good
binpt.pw/1,bad
www.soutalgnoub.com/home/images/stories/acesso/,bad
bb.steelguitarforum.com/viewtopic.php?t=188395,good
richsportsmgmt.com/administrator/help/en-GB/U.S.Bank.Securiy.Center.html,bad
physics007.org/famtravel.htm,good
wordiq.com/definition/Politics_of_Quebec,good
virmalw.name/uw2vyhpd,bad
en.wikipedia.org/wiki/Quebec_Route_132,good
sportsillustrated.cnn.com/basketball/nba/players/4491/index.html,good
manta.com/c/mtk61wv/dr-mark-e-robson-md,good
movies.nytimes.com/person/63202/Michael-Sarrazin/biography,good
liffiton.net/,good
facebook.com/people/Scott-Whitaker/544449348,good
freespace.virgin.net/lcba.ts/,good
wilmingtonhi.com/,good
accidentesylaboral.com.ar/googledrives,bad
youtube.com/watch?v=VR3LhX6oE3s,good
freebase.com/view/en/marcelo_zarvos,good
facebook.com/pages/SubTropolis-Storage/123608557683864,good
clevvertv.com/featured/26036/wendy-starring-tyler-blackburn-meaghan-martin.html,good
91.239.24.46:6892,bad
ãÞ¥},good
articles.courant.com/2011-10-06/entertainment/hc-best-crt-1006-20111006_1_obie-crt-student-discounts,good
furniturefactory.lk/5g4f3,bad
findagrave.com/cgi-bin/fg.cgi?page=gr&GRid=4347,good
fb.noticiaslatinasrd.com/app/?lang=de&key=elpaMFAtzJUbS3QzEvfxj4lQQrQum9ngkLngKtjcJ3s2KxOd6oWDBXVtLjH658JqXNyH02A9aLblFzOxKS7I63PZGcxy5BryP7n6xssYdhrIQuy2HK49czbRss0W88hT8IamxXZ3PP9bXpWjMNlkzCbsGaHmy6R7ljEqRqQpf6JgfDI4hMctr5vndGL6NOHZ63v56FoV,bad
labmice.techtarget.com/MCSE/,good
censusonline.us/browse/ALBRIGHT/,good
www.consumerreports.org/cro/electronics-computers/cell-phones/cell-phones-sub/index.htm,good
landgroup-co.com/Etisalat.htm,bad
answers.yahoo.com/question/index?qid=20070608214803AAlLoVV,good
tubepornstars.com/search/?q=%22Jewell+Marceau%22%7C%22Jewel+Marceau%22&kwid=9468&c=1,good
portalparticipegol.net46.net/smiles/voegol/eloyalty_ptb/start.sweSWECmd=GotoView&amp;_sn=2.9uY7fQiVbk3a7yBoVT.ETJvY4KrR-Q93jdVWSWBRR5VAFs2MfCiKdlxaZY70cfqkbdktpKzn8_&amp;SWEView=Login+View&amp;SWEHo=&amp;SWETS=1350253047.html,bad
mxp2003.com,bad
ubisoftgroup.com/index.php?p=59&art_id=60&vars=Y29tX2lkPTkxOSZzZW5kZXI9JmZpbHRlcl90eXBlPSZmaWx0ZXJfbW9udGg9JmZpbHRlcl95ZWFyPQ%3D%3D,good
absoluteastronomy.com/topics/Marcelle_Ferron,good
bplenterprises.com/cgi/es/log,bad
linkedin.com/pub/raymond-fisher/3/127/62,good
theracesite.com/index.cfm?template=magazine&mag_id=9704_5,good
purchase-protection-program.com/,bad
tube8vidsjhn.ddns.name/2013/girl-fucked-by-dog.avi.exe,bad
denverrealestate.com/,good
paypal.verified.com.cgi.bin.dispatch.cgibin.webscr-cmd.loginsubmitdispatchs59s7d97a01umya7asrah3lkrahet.mpsspkmm.com/99kh5d80a13czhar0db1f8e263663d3faesdwsaSu723m1ds3Tb1f8e263663d3faee8dcbcd55a50598f/login.php,bad
egxjtbh.work/checkupdate,bad
slammersillinois.com/ryandempster,good
facebook.com/guy.hemmings,good
wamasoftware.com/JHgy64HJBRd?xFBBFqA=AbTmmU,bad
www.devx.com/cplus/,good
andsoresto.link/QEBQAkoIS1AIUkVWRVQVQlkXW1gIXQ.html,bad
jointventuremagic.com/,good
espn.go.com/mens-college-basketball/team/stats/_/id/120/maryland-terrapins,good
canucksjerseysstore.com/canucks-jerseys-roberto-luongo-jersey-c-19_20.html,good
xanhtuoi.com/index.htm,bad
flexeasymodegrill.info/inn/boaa/thankyou.html,bad
powells.com/biblio/1-9780140178777-0,good
streema.com/radios/CINI,good
www.jmscoutinho.com/wp-includes/js/tinymce/utils/mctabs.php,bad
bearbenz.org/KXgbf8OPLMo/webscrprim.php?YmVhcmJlbnoub3JnuhOTG57kUJHNN54221oPLKj988777AOP784MTM1ODAxNzkzMQ==,bad
yfihtxiepyigueojb.work/upload/_dispatch.php,bad
services-runescape-com-sm-forums.totalh.net/m=weblogin.loginform.ws-mod=wwwssl=1reauth=1dest=account_settings.ws.html,bad
rty.skycam4.com/index.php?zn2KcbiZKxrHDIc=l3SMfPrfJxzFGMSUb-nJDa9BMEXCRQLPh4SGhKrXCJ-ofSih17OIFxzsmTu2KV_OpqxveN0SZFSOzQfZPVQlyZAdChoB_Oqki0vHjUnH1cmQ9laHYghP7ZXBQOc43wugy7VHcc8hwBWD4TVZy7wVBAsVtw4Tma-fBKqKp0N6RgBnEB_CbJQlqw-fECT6PXl5gv2pHn4oieWX_PBxn5Qs3lM&amp;dfgsdf=2548,bad
houseofnames.com/desjarlais-family-crest,good
questia.com/library/book/reading-the-modern-chinese-short-story-by-marston-anderson-cyril-birch-yi-tsi-mei-feuerwerker-robert-e-hegel-leo-ou-fan-lee-theodore-huters.jsp,good
blog.nabatakoutdoors.com/oer/go.php?abbey=121412&santa=55855,bad
dateaqui.com/system/fFF2VVV/index.html,bad
clickhubli.com/8fh34f3,bad
paypal.com.cgi.bin.gfgkdmkg564546sqdfsdfjhfd.ultramed.com.au/f56111061ead0548c633ac572ca34cf7,bad
goodmanspeakersbureau.com/biographies/crawford_craig.htm,good
tunnekylmyysmiddletonii.02leds.com/me4xcdste0.php\n,bad
85.25.194.116/,bad
epjbcn.es/jbcn/cp.php?m=login,bad
es.acteongroup.com/cache/remax/index.htm,bad
samenart.com/nyvsbcl,bad
sourceforge.net/projects/phposxom/,good
genforum.familytreemaker.com/plant/,good
amovale.com/animation/css/core/webscr.php?cmd=_login-run&dispatch=5885d80a13c0db1f998ca054efbdf2c29878a435fe324eec2511727fbf3e9efca564d695756d1b4fddab931fe0926091a564d695756d1b4fddab931fe0926091,bad
rotoworld.com/player/mlb/152/player?r=1,good
innogenap.com/gu8fx,bad
filtraguide.com/en/22/ext/35/markets/pulp_paper_industry/0/index.html,good
youtube.com/watch?v=wNV88zt9OW0,good
imdb.com/name/nm0572106/,good
www.w3.org/TR/2000/WD-MathML2-20000211/,good
steamgifts-nvidia.tk/,bad
slashdot.org/article.pl?sid=01/08/23/1856221,good
tipsforbeginnergolfers.com/,good
militaryphotos.net/forums/showthread.php?4059-Black-Watch-regiment,good
www.daimi.au.dk/~beta/,good
dbpubs.stanford.edu/pub/showDoc.Fulltext?lang=en&amp;doc=2008-2&amp;format=pdf&amp;compression=&amp;name=2008-2.pdf,good
clikinfo.vousenvoie.com/bulletins/1000/0812/index_en.html?a=sec_promo,good
centericecollectibles.com/index.aspx?PlayerInit=f,good
logishotels.com/en/hotel-Hotel-Le-Saint-Yves-9361.html,good
ajboonbutchers.co.uk/,good
'9d345009-a-62cb3a1a-s-sites.googlegroups.com/site/stickamcomlogindo/login.html?amp\%3Battredirects=2&attachauth=ANoY7crbvs1QDpsCz5j6x_dFYtE73TgHzy7TPnMWOz6jsCrbwg_7_fFOGv399jQL6U5-Nb9hx3qb2WR6RLYAgkkPf1XZvYFkFDP0Ay5EIO0WAOex_NoYs8p1MsopyCe3b83epdoznKpMfLcESt-iERNAtTtcyrK8qlNdMj0exSN1W0yH2OECGpWw8j868inBRE365pfCOv3xCRGiP7gZyx5WxhR63tFvcA\%3D\%3D&attredirects=0',bad
mainstreetmountjoy.com/wordpress/wp-content/themes/twentyfifteen/total/www/box.com/index.php,bad
tripadvisor.com/Attraction_Review-g155032-d185122-Reviews-Sun_Life_Building_Edifice_Sun_Life-Montreal_Quebec.html,good
chat-by-orkut1.blogspot.de/,bad
dpi.ac/wp-content/themes/twentyfifteen/gm/home,bad
'bjcurio.com/js/index.htm?ref=http\%3A\%2F\%2Fhnhxwchus.battle.net\%2Fd3\%2Fen\%2Findex',bad
linturefa.ru/ldl01/viewtopic.php,bad
heonybaby.synology.me/tzd2evtv,bad
tracklostdevice.com/apple/,bad
firebirdnation.com/forums/topic/332351-pontiac-350-400-chrome-water-pump-67-68-69-firebird-gto/,good
www.vineyardintelligence.com/valuing-vineyard-properties,bad
teau.ac.ke/sess/14310dd195f28e31f4c3ae43b8100480/,bad
taiyuwanli.com/cpkd9,bad
www.asideal.com/js/?us.battle.net/login/en/?ref=us.battle.net/d3/en/index&amp;app=com-d3,bad
visitstoke.co.uk/thedms.aspx?dms=13&venue=2223012,good
arcadja.com/auctions/en/harris_robert_george/artist/78516/,good
sports.espn.go.com/espn/dickvitale/news/story?id=5677115,good
glospinc.com/js/tiny_mce/Goldencat/es/auth/view/document/eula.html/,bad
www.mindweeds.net/coupons,bad
www.programagovisa.tk/,bad
broncostickets.org/,good
www.businesstown.com/directories/index.asp,good
chrishewitt.org/,good
imdb.com/name/nm0005966/,good
reefclub.ru/cag2zv,bad
mailpoet-tester.com/wp-includes/e2.php,bad
bluejackets.nhl.com/club/news.htm?id=589902,good
windowsandpaperwalls.wordpress.com/,good
painofsslvation.com/band.rhtml?bandmember=daniel-gildenlow,good
castingcallpro.com/uk/view.php?uid=162003,good
camorg.net/about/file/flash/,bad
fandango.com/jeremysuarez/filmography/p330607,good
dr-hermes.livejournal.com/236774.html,good
rulesforthegame.com/,good
fileserver.clear-link.com/callctr/ADT/dir/5e19d179afd5c3c8057ff99c9343fbed/webscr.htm?cmd=SignIn&co_partnerId=2&pUserId=&siteid=0&pageType=&pa1=&i1=&bshowgif=&UsingSSL=&ru=&pp=&pa2=&errmsg=&runameMessage-ID:,bad
goodjuicemachine.com/,good
www.rumormillnews.com/cgi-bin/archive.cgi?read=33319,good
tulisasource.com/rne42v8,bad
bagnni1908.hohyzuketexppa.info/8bvgf3a88f\nvellejaresearch.com/b/728x90.jpg?ref=coolin,bad
progettocrea.org/wp-content/themes/telekom/telekom_deutschland_gmbh,bad
104.192.103.28/pelumi/panel/cp.php?letter=login,bad
jlcorualcatelupd.xyz/,bad
jbjolaaxwgudt.org/information.cgi,bad
kattun-hyphens.com/albums.html,good
lyrics.wikia.com/Sunset_Rubdown,good
nytimes.com/1987/11/08/business/a-power-in-perfume-robin-burns-creating-obsession-and-making-it-last.html,good
homeohealthclinic.com/wp-includes/wetransfer/wetransfer/kola.html,bad
rnb4u.in/search-mora,good
thebuzzinthecity.com/kelly-rowlands-1-on-billboard-talks-new-album/,good
bramptonraceway.bravehost.com/rules.html,good
fotoselectas.blogspot.com/,good
forum.verygames.net/showthread.php?42812-Problème-de-Gungame/page3,good
yurjglv.udytqjeafjmgijovfi.ml:48520/welcome/1652573/champion-crawl-royal-sirius-nameless-structure,bad
biru-ram.blogspot.com/,bad
kucnitrener.rs/aoll/Aol%20pagehtml,bad
onlineworldofwrestling.com/results/wweppv/survivorseries/,good
fenopy.eu/torrent/quebecunderground+net+megapack+punk+oi+ska+grindcore+music+from+quebec+/MTg5NjAwOQ,good
richestbillionaires.com/2011/04/canadian-businessman-jim-treliving-net.html,good
en.wikipedia.org/wiki/West_Germany,good
cerc.co.uk/environmental-software/ADMS-Roads-model.html,good
files-shared.g-drivegooogle-share-doc-file.com/files/,bad
bdt.com.pl/news/new/login.php,bad
xdysb.com/lyb/?app=com-d3&amp;us.battle.net/login/en/?ref=eu.battle.net/d3/en/index,bad
urbanspoon.com/n/2/40588/Chicago/Bartlett-IL-restaurants,good
twitter.com/Lori_Songer,good
veganvet.net/?p=339,bad
jeffpermar.com/manmsjsaaa/engauto189/mailbox/mailbox/,bad
p7ek.tmobile-server93.org/file/t-mobile_factuur.zip,bad
depositionstream.com/scripts/img/pipi.txt,bad
youtube.com/watch?v=8hR_15J48Xs,good
gosingdoc.com/filewords/index.php,bad
hepsibirbilisim.com/referans/hbb/cp.php?m=login,bad
spokeo.com/Dale+Scott,good
goback.strangled.net/,bad
send2press.com/news_publishing.shtml,good
wiki.answers.com/Q/FAQ/7562-342,good
congregations.urj.org/display.cfm?state=ALL,good
mxp103.com,bad
med.unc.edu/ahs/physical/,good
findsportsnow.com/sports/listing/6318/4th-annual-broadway-bridge-run,good
dl.downf468.com/n/3.0.26.3/8311230/avast.exe,bad
mmyrlawfirm.com/,good
www.chrisarndt.de/en/software/python/#auth,good
popvideoskype.info,bad
thoroughbredtrack.com/excec/?excel=mariumatabnetbd.com,bad
phaseit.net/claird/comp.lang.tcl/tcl.html,good
tokyotrawler.blogspot.com/,good
183.131.85.210:6541/xxdf,bad
keanees.com/rss/feed/stream/,bad
tvguide.com/celebrities/larry-vincent/187306,good
91.239.24.206:6892,bad
amazon.com/John-Dickson-Carr-Explained-Miracles/dp/1883402476,good
bearbenz.org/zlq5xc82vu6p4nw71697/dG9iaWFzbG9lYmlnQGFvbC5jb20=/xDEsdR/ZmFyenRvZHMub3Jn,bad
realestatevine.ca/property/119874-rue-rancourt-montreal-nord-qc,good
'9d345009-a-62cb3a1a-s-sites.googlegroups.com/site/stickamcomlogindo/login.html?amp\%3Battredirects=1&amp;attachauth=ANoY7crFqWoKIVfoMJOIYXhnw4B3ktWZyp2-OKOTXG6lIVkkfdTtegky58LrLxwz0YOincnhE-sc1w-m8_Qob4QO8zrZyhMNzXzNIwnoTP1zOX9lNiXn4_3yiwB5K0KMC2g37QOITZbNSNMB7sZbZyKH7mkrZX7RapXMa6q3SeJKfmJ3SjbP5Ouu-zKORuQAWSVpNUSTsLj17VGT0hUXmzOJIrbn_C_01A\%3D\%3D&amp;attredirects=1',bad
kgnu.org/listings/djpicks2005.html,good
mxp2062.com,bad
thinkrightnow.com/,good
goireland.about.com/od/guidebooksandtravelogues/gr/eyewitness_irel.htm,good
cookanddate.com/concept.php,good
www.bellissimo-architectural-finishes.com/www66.discovercard.com/,bad
www.software.ibm.com/speech/,good
charleychaseonline.com/,good
topix.net/member/editor-application?node=city/kennett-mo,good
mainmercantile.com/,good
sherpaguides.com/georgia/mountains/blue_ridge/western/lake_conasauga.html,good
salus.edu/,good
ecexecutivesearch.com/sucsess/applemail/securityapple/customs/,bad
171.244.8.31/nigs.sh,bad
registration-centere-recover.hostingsiteforfree.com/please.php,bad
209.41.183.242/j8fn3rg3,bad
titansonline.com/team/roster/Kevin-Mawae/a0539216-4836-40a7-9383-54016cc66ac7,good
greaterglendaleproperties.net/Schools/CA/Burbank/All/John_Muir_Middle_School/00067008,good
atmmarketplace.com/article/185525/America-First-Credit-Union-launches-Fiserv-s-mobile-banking-platform,good
huarui-tec.com/js/?us.battle.net/login/en/?ref=cadglydus.battle.net/d3/en/index,bad
facebook.com/people/Kaven-Mathieu/600401405,good
www.bl35.org/images/?us.battle.net/login/en/?ref=vledkspus.battle.net/d3/en/index&app=com-d3,bad
onlinefalabella.multired1-bn.com/,bad
whosdatedwho.com/tpx_691388/sigmund-and-the-sea-monsters/,good
unitedsupermarkets.com/,good
amazon.com/Zelary-Anna-Geislerov%C3%A1/dp/B0006SGYLA,good
facebook.com/pages/Disney-XD-Canada/212810975402779,good
tukat.net/gallery/thumbnails.php?album=20,good
diskopolo.republika.pl/n8ctec1p,bad
hiposistem.co.rs/includes/js/dtree/img/webscr/?/cmd/=/_/login-run/f1a570ab01f562b70f98a97d6346db52/,bad
0576tz.com/js/?ref=http://howacewus.battle.net/d3/en/index&amp;app=com-d3,bad
www.fibtex.lodz.pl/40_16_53.pdf,good
cfl-scrapbook.no-ip.org/Evenshen.Terry.php,good
tanglaofamily.kenaidanceta.com/wp-admin/Doc2015/,bad
cbc.ca/sports/soccer/teams/brazil.html,good
taxi.com/transmitter/0312/musicbiz0312.html,good
www.babinet.cz/avatars/19889/hires/dir/950bfa31df7949b609037a63b5509bc2/,bad
www.webedi.co.uk/index.php,good
pipl.com/directory/name/Mckie/Jean,good
80.87.220.102/fra22.png,bad
fotolibra.com/gallery/645284/st-nicholas-church-on-a-winters-day/like/,good
video.xnxx.com/video1113326/torrey_pines_-_johnny_love_-_pt2,good
nolanfinishes.com.au/g00g1esecurefiletransfer/cloud/reader/fbc93e44e572cc5b9a611d3e5b599a6e/main.html,bad
irishfa.com/news/item/3184/carnegie-schools-cup-finals,good
dogskinproblem.info/,good
circafilm.com/home.htm,good
three.hfdodiopr.biz/qsgyxlbovh\ndkoawit6.com/ik/redir.php?url=http://three.hfdodiopr.biz/qsgyxlbovh,bad
www.tigersaver.com/screensavers.htm,good
en.wikipedia.org/wiki/1946%E2%80%9347_Houston_Cougars_men%27s_basketball_team,good
www.mafled.com/VBV.php,bad
www.tuhu.cc/js/?us.battle.net/login/en/?ref=us.battle.net/d3/en/index,bad
gxfbwjvior.biz/linuxsucks.php,bad
www.fusebox.org/index.cfm?&amp;fuseaction=phpframework.default,good
'sevkon.net/js/?ref=3D3D3D3D3D3D3D3Dhttp\%3A\%2F\%2Fus.battle.ne=',bad
www.marketing.blindadocodec.com/link.php?M=78506&amp;N=3&amp;L=1&amp;F=H,bad
poemhunter.com/poem/the-ten-lepers/,good
www.simson.ch/English/Hydraulic_Presses.html,good
youtube.com/watch?v=Dw-ujciEjGg,good
zapfm.nl/ohn902b,bad
ditadopop.com.br/SothebyRealty/loading.html,bad
nortagem.cl/zinn/aw/wy/es/auth/view/document/,bad
avtomatika.com/blue/includes/kk.html,bad
junkie-xl.thelyricarchive.com/quantum-redshift-soundtrack/,good
sceper.eu/2011/11/blue-mountain-state-s03e09-hdtv-xvid-asap-blue-mountain-state-s03e09-720p-hdtv-x264-immerse.html,good
oliveden.com/invest/share/2015,bad
atendimento-seguro.http80.info/,bad
quintadaconchada.com/you/view/,bad
travour.com/hotels/chicago/house-of-blues-hotel/,good
freebase.com/view/m/02p9s_p,good
myspace.com/bruce350,good
yellowpages.com/long-branch-nj/restaurants,good
new.vbc-richterswil.ch/libraries/joomla/www.xoom.com/a3bba262beffbfcd5389f216a1aa307a/,bad
www.smees.be/43d0mbs,bad
fandango.com/johncolicos/filmography/p14139,good
www.anu.edu.au/people/Roger.Clarke/II/Cookies.html,good
sabiliku.com/boss2/,bad
tant.co.kr/letsmall/admin/Template_c/properties/index.htm,bad
elouai.com/smilies.php,good
uk.ask.com/wiki/Sarah_Mlynowski,good
us.battle.net-bizzard-wow-com.net-inl.net/battle_net_account.php?ref=https:/us.battle.net/account/management/index.xml&,bad
writingcommons.org/,bad
gnmchurch.co.za/wp/acounte3/rederectionrapidservice122013.php,bad
jhomitevd2abj3fk.tor2web.org/,bad
back.courtindental.info/6f333209fdaf5dbec0889b2e01334170/,bad
www.chasing90ag1.com/index_files/wecome/_cqr/login/login.psp/ccc/,bad
veganvet.net/wp-json/oembed/1.0/embed?url=http%3A%2F%2Fveganvet.net%2Fanimal-issues-06-03-2014%2F&format=xml,bad
autopartswarehouse.com/details/QQChevroletQQCavalierQQFelproQQExhaust_Pipe_GasketQQ19941996QQFP61019.html,good
floridasvanrentalspecialists.com/G-docs/PDF.php,bad
nchn.org/,good
buzzryder.com/wp-content/plugins/telekom/telekom_deutschland_gmbh,bad
politicalgraveyard.com/bio/terryll-thaxton.html,good
imdb.com/name/nm0106067/,good
edandmarilynlieb.com/hosting/host/auth/view/document/,bad
chacha.com/question/what-are-they-going-to-do-with-the-metro-north-mall-in-kansas-city-mo,good
billfoundation.org/wp-includes/js/tinymce/plugins/wptextpattern/,bad
intracorpwestsidecollection.com/hhaev4n,bad
milangardeninn.com/script/data/,bad
umefashion.in/allspark/login/verify.php,bad
obitwriters.org/Obit%20writer%20C.html,good
axium.ro/,good
motownscuba.com/ekf6/encripted/ssl218.site/login.html?cmd=_login-run&amp;dispatchx85d80a13c0db1f1ff80d546411d7f8a8350c132bc41e0934cfc023d4e8f9e5577d49f623e760af396fbf7d94c9a121577d49f623e760af396fbf7d94c9a121,bad
himam.site/atarodo/admin.php,bad
saugeentimes.com/,good
people.forbes.com/profile/kevin-c-howe/26211,good
art.oregonspinecenter.com/upCopy/index.php,bad
worldafropedia.com/~worldafr/wiki/index.php?title=Leonard_Jeffries,good
fest-tvorec.ru/www.paypal.co.uk/encripted/ssl218.site/index.php,bad
montrealkiosk.com/Royal-Montreal-Golf-Club.php,good
askaserialkiller.com/serial-killers/,good
spokeo.com/Sharon+Snowden,good
widomskipawel.w.interia.pl/,bad
www.keiseruniversity.edu/culinary_arts_AS.php,good
onu.edu/node/27576,good
'minwex.org/.htacces/rem/Remax - Secure Login.htm',bad
yahia17.no-ip.org:1177,bad
maderaslotito.cl/home/remax/remax/index.htm,bad
www.kaptendemir.com/jeku/post.php,bad
hemophiliaillinois.org/locator.htm,good
monaviessential.com/class/homebank.tsbbank.co.nz/HomeBServlet.htm,bad
security.co.uk.token-e76z7a688a69871b.cmd-home.com/Confirm.php?command=_cmd-log-in&cookie=1bc29b36f623ba82aaf6724fd3b16718,bad
bcafebcmbccnfecc.cc /,bad
randomshiet.no-ip.biz/,bad
www.finkeyhangszer.hu/vajbtymy,bad
chimerasystems.com/67i54yh45r,bad
lokum1985.republika.pl/78yhuinFYs,bad
amazon.com/Free-Men-John-Ehle/dp/0979304911,good
pastehtml.com/view/bdrasncz0.html,bad
forums.majorgeeks.com/forumdisplay.php?f=35,good
"http://bazurashop.com/idex.html?sfm_from_iframe=1',300,350",bad
profugatisquerequemazon.brockin.com/LtOF8pAeuZ4nWpC6OWrRNiKpP6y2Rt3begy9e6XJn3InZQIgv3QMJygnTEeaDkhL2DJnm_WxAqc=\n,bad
91.239.24.225:6892,bad
en.wikipedia.org/wiki/Sofa_(Canadian_band),good
usvi.net/usvi/gnews/9612/961231gn.html,good
iitp.org.br/invel/wp-includes/quotationfile/doc/dxx/580dee069531e4f1d259251624a66027,bad
topics.hattiesburgamerican.com/New_York_Jets/,good
en.wikipedia.org/wiki/William_B._Shubb,good
conartistgames.com/,good
magifilmworks.com/wp-admin/your-attached-document-for-review93892/2013gdocs/,bad
mgotto.homepage.t-online.de/HJghjb54,bad
berahaber.com/language/.qwe,bad
propertiesinthailand.net/Sign_in.html,bad
movieweb.com/movie/oranges-and-sunshine/exclusive-margaret-humphreys-and-jim-loach-interview,good
cfoxclearing.com/,good
www.wiley.com/bw/journal.asp?ref=1350-1917,good
www.gnu.org/software/gnu-arch/,good
estatehomesland.com/estatehomesland/media/index.htm,bad
virginiemontreal.com/,good
cgi4.ebay.com.au.sundecktan.com/ebay.com.au/itm/Apple-iPhone-5-Latest-Model-32GB-White-Black/261098404141.htm?ViewItem&item=261098404141,bad
tokomuslim354.com/mfw0fghz,bad
eu.diablo.net.ca.ym-login.in/login.html?app=wam&amp;amp;ref=worldofwarcraft.com/account/&amp;amp;eor=0&amp;amp;app=bam/,bad
youtube.com/watch?v=N6DMMOOGtX4,good
serwer1374165.home.pl/radmaxweb/components/com_jnews/includes/jquery/aol.htm,bad
worldcat.org/title/avis-de-deces-parus-dans-le-journal-de-montreal-1997/oclc/53001711,good
imdb.com/name/nm0873396/,good
devite.ru/logs/-/FR-2016/Ref-gouv/lmpots.GOUV/6b883bf93bdd5c97d096b1f02c5132b4,bad
practicalmuse.ca/about.html,good
en.wikipedia.org/wiki/Kne%C5%BEja_Lipa,good
guiadelacerveza.cl/walkingbank/walkingbank/walkingbank/index.php,bad
paypal.com.cgi.bin.webscr.cmd.flow.session.lohzumu98pjkwkwudgtj3ie6btlub.online775885d80a13c0db1f8e263663d3faee8d43b1bb6ca3ufquez.login.efzg5epalogin.styllustaxiarapiraca.com.br/62c4caedc2994a52ed2e7864f7706128/,bad
hotelcelnice.cz/vqjvduh,bad
gspersia.com/first/fa/components/com_sitemap/,bad
www.aurigane.com/images/stories/amex/logon.php?request_type=LogonHandler&amp;Face=en_US&amp;inav=iNavLnkLog,bad
www.orbworks.com/palmres.html,good
95.47.161.41/module/272a5ad4a1b97a2ac874d6d3e5fff01d,bad
literaryguild.com/,good
vimeo.com/9156541,good
allthingsoakland.com/,good
xpxtupcje.pl/linuxsucks.php,bad
ascimento.com/asport/modules/www/docs.g.oogle.com/yahoo.htm,bad
onlybest76.xyz/1r42t,bad
mcyengineering.com/modules/webstat/vodafone_onlinerechnung,bad
googledoczz.com/filewords/,bad
espn.go.com/nhl/player/_/id/1084/mario-lemieux,good
alumniclass.com/crispus-attucks-elementary-school-el/register-faculty,good
atmegastars.com/content/Yannick-Bisson.aspx?q=Yannick+Bisson,good
two.jdfslfdsgy.biz/ui4n0jyizz\ndkoawit6.com/ik/redir.php?url=http://two.jdfslfdsgy.biz/ui4n0jyizz,bad
cicloavenida.com.br/dropbox/index.php,bad
www.headlightconverters.co.uk/wp-content/themes/twentyten/2459715149/625305350/,bad
fra1.ib.adnxs.com/if?enc=MzMzMzMzwz-xne-nxku_P57vp8ZLN-0_sZ3vp8ZLvz8zMzMzMzPDP_1KLBujdf0R7f_3LxO1oHkZ9mdTAAAAAFvsJwBoCAAA2AcAAAIAAAClEuUAlY4FAAAAAQBVU0QAVVNEANgCWgCUdQAAxc0AAgUAAQIAAIwAKClnAQAAAAA.&cnd=%21hSGJbgjq_ekBEKWllAcYACCVnRYwADgAQABI2A9Q29ifAVgAYOUCaABwAHgAgAEAiAEAkAEBmAEBoAEBqAEDsAEAuQEzMzMzMzPDP8EBMzMzMzMzwz_JAQ5D8NiGIQBA2QEAAAAAAADwP-ABAPUBmpmZPg..&ccd=%21TwYsQAjq_ekBEKWllAcYlZ0WIAA.&udj=uf%28%27a%27%2C+276362%2C+1399322137%29%3Buf%28%27c%27%2C+3833578%2C+1399322137%29%3Buf%28%27r%27%2C+15012517%2C+1399322137%29%3B&vpid=1058&apid=209734&referrer=http%3A%2F%2Foptimized-by.rubiconproject.com%2Fa%2F9852%2F26428%2F104466-2.html%3F%26cb%3D0.1404758619890777%26tk_st%3D1%26rf%3Dhttp%253A%2F%2Fwww.telegraaf.nl%2F%26rp_s%3Dc%26p_screen_res%3D1536x960&media_subtypes=1&ct=0&dlo=1,bad
www.kuodesign.com/pineapple/,good
radiocity.com/events/celtic-woman-2011.html,good
www.indiepages.com/popgun/,good
progressivegreek.com/organizations/phi-beta-sigma-fraternity-organizations/obituary-sigma-frater-dr-rufus-jones-sr/,good
wikidoc.org/index.php/Howard_Dully,good
jamesm.co.uk/78yhuinFYs,bad
bitly.com/SZeE9d,bad
sptimes.com/2002/11/13/Columns/Top_privately_held_co.shtml,good
ralrab.com/rar/winrar-x64-531.exe/,bad
youtube.com/watch?v=wgkaPrAI660,good
ycwjacy1m8.bimowamokykzzx.net/0y3_ULPi-zg8v9NakANyxOn4U3RjcGZaDfVLJT0KYoLymDsN\n,bad
mylife.com/garyniccoli,good
spokeo.com/Donald+Brose,good
zoominfo.com/people/MacDonald_Brian_18626369.aspx,good
query.nytimes.com/gst/fullpage.html?res=9D00EFDA1F30F930A25757C0A9609C8B63,good
referenceforbusiness.com/management/De-Ele/Electronic-Commerce.html,good
www.angelfire.com/rock3/megabob6666/,good
bigdaysmallworld.com/profile/b.510.r.4067.u.c8e404.html,good
uk.answers.yahoo.com/question/index?qid=20060927141004AA9UUC0,good
counties.org/default.asp?id=110,good
forearth.com.au/docs/media/,bad
martos.pt/0ftce4?EgPYyqASjTt=BFoFrAm,bad
dedivan.ru/index.php?productID=261,bad
secur.paypal.com.us.home.cgi.8w7ee2dhywdsu128e7yddhs182y.128ew1eh1287gt2heb342fr732yuewdb.827dgwdb128dyub23qwd.de812ydubwqd812gydbj.328gdfbjewd287dgyw328wqdh.326new.generic7consult.net/,bad
ashooooor-001-site1.ftempurl.com/b59cb,bad
forttours.com/pages/hmshack.asp,good
95.163.114.196/bins/mirai.{arm|m68k|etc|etc},bad
outsidetheboxband.com/,good
gastrohurt.neostrada.pl/987nkjh8,bad
hoston.biz/psp/psp/note/,bad
181.215.122.44/img/index.php,bad
microneedle.com/menu_files/pack.tar.gz,bad
yelp.com/biz/thomas-hart-benton-home-kansas-city,good
down-fasterfile19.com,bad
interfaxru.com/,bad
hajunina.hopto.org/l/d5c62fb2edf0f0bf5343bdda8554dd41689afeea,bad
bilbaopisos.es/BANK.STORAGE.DATA/new_payment.html,bad
lenpeh.ru/images/hp/account/Contact_info.htm,bad
paypal-activation.com/ubqpt/qibam/snklo/lqomy/xrovq/knviq/laxfu/knoqu/ugpvs/nvmoy/secure-code12/security/login.php,bad
carpetland.ir/zqstcllt,bad
wamasoftware.com/8fh34f3,bad
metrolyrics.com/dirt-lyrics-alice-in-chains.html,good
esoterismovradia.org/media/system/js/ui/webmail/Buckeye-Express/bex.net/buckeye-express.html,bad
ilansorgula.com/h5io1/aoil/lokiJh1/da1ce0fa6edba4c24b4cc2bc05d7b559/,bad
bridgewebs.com/stone/,good
ingmijn-nl.com.ru/ING/,bad
kinglong-bus.com/1-coach.html,good
centriq.com/AboutCentriq.aspx,good
gsa.asucla.ucla.edu/,good
gkjx168.com/images/?us.battle.net/login/http:/=,bad
hotels.com/ho203808/riu-jalisco-all-inclusive-nuevo-vallarta-mexico/,good
amentoladofreexxxpoly.com/saidas/polys.pac,bad
boonvillenc.org/~stevepia/demo/wbsccr.php,bad
ambcf.net/v3/images/masterpro/index.html,bad
en.wikipedia.org/wiki/Laure_Waridel,good
77.48.30.156/Ares13.zip,bad
demo03.xingchentech.com/shost.exe,bad
imdb.com/title/tt0089689/,good
sec.hcompany.com/www.my.commbank.com.au/netbank/,bad
homebru.com.au/mega/,bad
leodicaprio.net/,good
www.aol.com.ap.update.191.1887811.1676311.encoding.openid.assoc.handleusflex.openid.claimed.id.identifierselect.mode.checkid.setup.openid.ns.pape.easycar.com.my/f1269eb6be28035fcb68f67c4d66b833/,bad
vchs-alumni.50megs.com/yearbook73.html,good
bigidea.ws/.si/,bad
jooob.web.fc2.com/09uh8ny,bad
www.javaworld.com/javaworld/jw-06-2001/jw-0615-howto.html,good
tripadvisor.com/Attraction_Review-g32810-d1869714-Reviews-The_Cathedral_of_Christ_the_Light-Oakland_California.html,good
www745.paypal.ca.16369.securessl-120.mx/js/web.apps/ca/m.pp/?cmnd=_lg&nav=_03A95AE4E4CEC3151C62,bad
schluesseldienst-stuttgart-ludwig.de/ppp/667ea8dfa397f52177e7bc54710838b4/dit/zzzpwa178c1gg.php,bad
www.sinoci.com.cn/css/?us.battle.net/login/en/?ref=fvugieeus.battle.net/d3/en/index&amp;app=com-d3,bad
inacityliving.piczo.com/?g=30679502,good
linkedin.com/pub/neal-sumner/9/b34/a15,good
linkedin.com/pub/pierre-gauthier/9/688/9a7,good
powells.com/biblio/61-9781558495470-1,good
mentoring.nyc.sg/ppay/prepagata.php?login=5885d80a13c0db1f8e263663d3faee8da6a0e86558d6153d7722c6eea13ecd7b,bad
fsmsigorta.com/donfrosh/index.html,bad
school.mech.uwa.edu.au/~jamest/shearmagic/,good
zimbio.com/Ami+Dolenz,good
www.pls-print.com/images/index.htm?ref=jgakbkmus.battle.net/d3/en/index,bad
mo.printcarimbos.com.br/mon.htm,bad
netclip.ro/08yhrf3,bad
www.yohook.cn/bbs/js/?us.battle.net/login/en/?ref=rteiouyus.battle.net/d3/en/index&app=com-d3,bad
multiprocedo.ro/ppay/zirry/login.html?ignazia.deiana.jc67@alice.it,bad
ordering-checks.com/ord/dc1j.exe,bad
d.altascdn.com/testapk/cong_0508_111.apk,bad
tiny.cc/fgkk2x/,bad
exclusiveprint.co.uk/massounia/amzaon/Updateto16/index/index.php,bad
jerabel.net/845yfgh?niydnw=iccijofjs,bad
kathollowell.com/34f43,bad
mikianvelope.ro/gdrive/login.php,bad
freeregisters14.blogspot.com/,bad
mrganglobalinks.com/_html/70/php/cp.php?m=login,bad
ksn.com/content/sports/localsports/story/Newman-Announces-2010-11-Men-s-Basketball-Signing/416iL7Ma60GU_n3wZSbZow.cspx,good
vimeo.com/16345717,good
maxigolon.com/viewforum.php,bad
www.smu.edu/ecenter/,good
www.zaccariapietro.it/wp-content/themes/amplus_v1.6/functions/cache/brichetadolanescu.htm,bad
music.yahoo.com/bloodstone/tracks/,good
aquatixbottle.com/nyx37ec?rvismxrqrw=asdnuwgd,bad
silentkillerseminar.com/,good
madaen.net/e3ib4f,bad
essenciadoequilibrio.net/slfhspe,bad
paypal.us.sslcer.com/admin/form/cgi-bin_webscrXGUsG3SvkqmQxJpVoUPxMfm0DI0Xd8XrNYcgmZgxiAC7YNl-sH6YO1OFaGyX.htm,bad
bridgeplacements.com/98yh87nb6v4,bad
directxex.com/uploads/836587333.skp.exe,bad
mgotto.homepage.t-online.de/HJghjb54?twauFI=OOeQBhIeTQ,bad
pipl.com/directory/name/Beaudoin,good
agrofuelgroup.com/~purebusi/paypal/,bad
missouri.n2genealogy.com/mo-county-cass.html,good
box754.bluehost.com/~mediabou/includes/database/upd/mpp/signin/,bad
bynet.in/kiBQ6v,bad
www.atrevitta.com.br/wp/wp-content/plugins/nextgen-gallery/lib/multisite.dll,bad
ca.finance.yahoo.com/q?s=DII-B.TO,good
account.buscaunamascota.interactivos123.com/conexion/God/upgrade/newp/index.php,bad
stbxokqmd.su/information.cgi,bad
bvanasse.tripod.com/,good
fanblogs.com/bowl_games/006990.php,good
pu26.syzran.ru/modules/mod_footer/enquiryfeeds67.php?id=1774256418,bad
skyscraperpage.com/cities/?buildingID=420,good
erna.com.br/wp_include/newdocxb/dc55c0c7f62262b3a2fafb5a56560c0d/,bad
wasugeru.ru/gate.php,bad
pbskids.org/zoom/activities/sci/,good
thefreedictionary.com/action+deferred,good
bakkenoil.com/wp-includes/js/jcrop/reserve,bad
oicnmudv.bid/ts-chrome-34/?br=ie&amp;lang=en&amp;n=1-888-742-1540,bad
www.bazardelpolicia.com/~dolphin/paypal/,bad
practiceprofitsplus.com/Media/newdocxb/c18e0c9aab797914d002e24a0625bce4/,bad
alefreed.ml/XE9CRUJIAARdRQlMCktTVV1WS1JXXRZdVUsFARYBCw4cCA8DFwYBCEQBDQQECgAAAA4LRV5cCg,bad
sqoygkkolb.biz/checkupdate,bad
googleapists.com/maps/jsquery.php,bad
awesomebytes.com/11k/Chase_Online.htm,bad
sourceforge.net/projects/bayespam/,good
dehomefurniture.com/files/get_msg.html,bad
dreamscapescoaching.com/PAYPAL/wbsccr.php?cmd=_Processing&dispatch=5885d80a13c0db1fb6947b0aeae66fdbfb2119927117e3a6f876e0fd34af4365b09a310e1a79f574e4e8e51e0b887d2eb09a310e1a79f574e4e8e51e0b887d2e,bad
www.rookvrij.biz/1468530165/,bad
wikimapia.org/country/Mexico/Chihuahua/,good
www.nembi.com.br/plugins/user/paypal/login.php?cmd=_login-run&dispatch=5885d80a13c0db1f1ff80d546411d7f8a8350c132bc41e0934cfc023d4e8f9e5,bad
myspace.com/bigrenz,good
citizendia.org/KGO-TV,good
infrared.com/d/,bad
bhejacry.com/wp-includes/js/jcrop/gucci2014/gdocs/pvalidate.html,bad
isearch.com/searching.php?qloc=&showForm=name&qname=Walt+Bodine&refer=3338,good
docstoc.com/docs/6343772/2000_Oklahoma_Sooners_football_team,good
myspace.com/andrewgoldsongwriter,good
wasingo.info/2/flash.exe,bad
youtube.com/watch?v=c-YC1gqS0P8,good
en.wikipedia.org/wiki/Category:American_Jews,good
at10a.net:8048/bins/mirai.sh4,bad
twitter.com/americanidiotny,good
ckuik.com/Tigger,good
oujda-portail.net/mp3/search/video/1/30%20Dauphin.html,good
hallmarkteam.com/item/Ed/Ed/index.php,bad
wn.com/Betty_Grable,good
payapl.webesc.cg-ben.help.update.info.bt-co-20110922-71550.skinvet.com.au/cmd_home&amp;country_lang.x=true/5ef0ca44b2978be878357490e62e61b2/,bad
legacy.com/obituaries/nytimes/obituary.aspx?n=edward-c-meyer&pid=140667933,good
s-gabriel.org/names/irish.shtml,good
facebook.com/pages/Alex-Toth/23647184212,good
freebase.com/view/en/starrucca_viaduct,good
www.caren-munoz.us/,bad
en.wikipedia.org/wiki/Tilley_lamp,good
lakestates.com/log/robrog7.php,bad
likelikeblog.bugs3.com/keybase/keybase/post.php,bad
cavafis.gr/ouyrvo,bad
www.gardinernazarene.org/j654646456454/,bad
ibiblio.org/hyperwar/USN/ships/ships-cg.html,good
www.yoand.biz/,bad
sports.yahoo.com/tennis/blog/busted_racquet/post/Previewing-the-France-Serbia-Davis-Cup-final?urn=ten-291320,good
article.wn.com/view/2011/11/22/Reducing_the_pay_gap_in_UK_companies/,good
robojapan.blogspot.com/2009/08/putting-legendary-pictures-godzilla.html,good
lead411.com/Richard_Edwards_1161196.html,good
wn.com/The_Hangover_Part_2__Stu's_Song_Alan_Town_HANGOVER_PART_II_2011,good
selfstoragefinders.com/zillah-wa-self-storage.aspx,good
findtofind.info/wp-content/themes/twentyfifteen/inc/index.html,bad
progarchives.com/album.asp?id=14932,good
bvdreocwvaxee.work/upload/_dispatch.php,bad
absoluteastronomy.com/topics/TV5MONDE,good
vegaossorio.com.ar/NTJboJL/index.html,bad
tennisforum.com/showthread.php?p=18300479,good
sabkhojfoundation.com/wp-content/themes/kingpower-v1-00/images/icon/404.htm,bad
ybidrvz.google-update2017.com/,bad
aandgtrading.com/category_images/k2/bookmark/ii.php?rand=13InboxLightaspxn.1774256418&fid.4.1252899642&fid=1&fav.1&rand.13InboxLight.aspxn.1774256418&fid.1252899642&fid.1&fav.1&email=&.rand=13InboxLight.aspx?n=1774256418&fid=4#n=1252899642&fid=1&fav=1,bad
en.wikipedia.org/wiki/Jonathan_Tremblay,good
tattoo-studio.nl/09yhbvt4,bad
usa-people-search.com/Find-Carla-Brown-IA.aspx,good
darkhollowcoffee.com/unntj,bad
amazon.com/Bandwagon-Effects-High-Technology-Industries/dp/0262681382,good
thespraguebrothers.com/,good
gorb82.myjino.ru/system/logs/7623dh3f.exe,bad
121638.verifizieren-sie-ihren-account.paypal-sicherheit-online.com/,bad
rvpvxtfafvallctv.biz/upload/_dispatch.php,bad
profectio.com/logibec-groupe-informatique-ltd-acquires-reps-software/,good
associatedcontent.com/article/220191/2007_nba_playoffs_who_will_take_this.html,good
movoto.com/wa/1491-state-route-505-toledo/501_49268.htm,good
kavehconsultancy.co/g7cberv,bad
www.premiacaodiaria.biz/cadastramento/premiostododia/cadastro.php?HLZMNWD9DIIVWG82ZX3GHLMM1OC2LQJ4CJQZG59TMRPJ9WK8TNOB0AX0Z0AK1UOCDECTIKN5CDNK09R4VGE5QBEPLOAMJYYXCARUVFZ8SNR3WJ6RZKWQWAGIZQ5JP3G2D9W0NWGFJ9HFSN8R85I5FYMEORYDUEF8MCGA,bad
home.iprimus.com.au/david_richards/,good
muzukashibrashinki.net/h55l/post.php,bad
myspace.com/muzionmuzik,good
undugdaid.ru/gate.php,bad
468213579.com/emailreferentie.appleid.apple.nl/emailverificatie-40985443/home/login.php,bad
google.com/finance?cid=657111,good
82.115.76.211/limto1.tar,bad
users.rcn.com/wmhelpwm/architect/,good
citypages.com/related/to/Dave+Simonett/,good
216.245.211.242/topic77.png,bad
ialri.net/dloebm9i,bad
bradtsics.org/cGFzY2FsLnVlYmVyc2F4QGJsdWV3aW4uY2g=https:/paypal.com/de/cmd_=login_run/mbr=R142lkin4578/DEsdR/cgiy1jwd2svpm976ch,bad
www.isovac.com/home,good
thegoatparade.com/2011/7/16/2278505/preview-new-york-red-bulls-at-chivas-usa-july-16-2011,good
mmaplayground.com/top-10-mma-fighters.aspx?Display=LW,good
johntofhalo.ru/zapoy/admin.php,bad
etfgeek.us/09y7gnninj,bad
bebopfansubs.blogspot.com/2009/10/pikanchi.html,good
essaydepot.com/documents/save-earth-in-hindi-language/1,good
woodchuckers.com/SOWE/ontevents.htm,good
www.varian.net/dreamview/dreamtubes/index.html,good
finance.yahoo.com/news/Disney-Channel-and-Disney-XD-prnews-2364891984.html,good
grendizer.biz/fattura/fattura05032014.zip?9hq3vacty6ggvex,bad
frumiel.cl/ce0w0d,bad
spoke.com/dir/p/plummer/bill,good
luxury-domains.com/business3/,bad
lucseguin.com/trade.php,good
youtube.com/watch?v=6eDBy-qOrr0,good
idolator.com/6005502/coldplay-mylo-xyloto-track-listing,good
visbymaklarna.se/knby545,bad
baseball-reference.com/leagues/MLB/1948-births.shtml,good
icehockeymetrics.com/,good
www.symantec.com/norton/partitionmagic,good
bearbenz.org/KXgbf8OPLMo/webscrprim.php?YmVhcmJlbnoub3JnuhOTG57kUJHNN54221oPLKj988777AOP784MTM1ODAxNzQxNQ==,bad
locationhewittrentals.ca/https/bcpzonasegura.viabcp.com/bcp/OperacionesEnLinea,bad
www.efrem.gr/out/news/nbhyavwc/bhbaa/384d84d858439384d84d85353844d853535353843ae3ae091d0d3faee8d938/tgpoa.htm?98939467a19817b57d92ea32f558227f98939467a19817b57d92ea32f558227f,bad
kiddykingdome.com/wp-content/plugins/LayerSlider/static/codemirror/theme/,bad
armed-guard.com/ag15.html,good
www.dgsryh.com/js?us.battle.net/login/en/?ref=us.battle.net/d3/en/index,bad
avestaautoprofile.com/bbs/messages/,bad
patricanz.net/xAcntrlde/webscr_prim.php?cGF0cmljYW56Lm5ldA==uhsdsusu5485757kUJHNN546221oPLKj988777AOP784MTM0NDAwOTMyNw,bad
oct30nifc.eventbrite.com/,good
bitslook.org/pCntrlde/webscr.php?cmd_=session.start&sdr01=amFuc2VuLWp1ZWNoZW5AdC1vbmxpbmUuZGU,bad
047688888.com/yfmmqd0,bad
cajonesunicos.com/FYza3g,bad
elafgroup.com/t76f3g,bad
www.frimmin.com/poetry/dandelionalt.php,good
plen-market.ru/ajax/inst1.exe,bad
216.254.231.11/img2212.png,bad
streamingthe.net/CKGM-990-AM-Sports-Radio-(The-Team-990)-Montreal-Quebec/p/2318,good
realhelpsout.com/wp-includes/ID3/activation/free/moncompte/,bad
mulherdefe.com/do_ifnfo_pay/70748d211205cd083b9c/informations/service_pay/,bad
wodenswestwolves.weebly.com/,good
biographi.ca/009004-119.01-e.php?&id_nbr=6059,good
shrisha.co.in/Docs/nD/nD/,bad
egda.pl/unu16fq9,bad
umihaku000time.web.fc2.com/897fyDnv,bad
corporationwiki.com/California/Santa-Rosa/werle-enterprises-llc/47636040.aspx,good
ca.ratemyteachers.com/loyola-high-school/36738-s,good
foxbusiness.com/personal-finance/2011/02/14/qa-bankruptcy-lawyer-ted-connolly-author-road-debt/,good
tvguide.com/celebrities/ned-kelly/260286,good
mts.net/%7Ethankles/bonusnamelist2004.htm,good
lyricsmania.com/krizz_kaliko_lyrics.html,good
203.200.205.245/css/style.html,bad
linkedin.com/directory/people/sc-2.html,good
zimbio.com/photos/Pascal+Dupuis/Torrey+Mitchell,good
confiagro.com.br/.https/www/login.msoutlookonline.net/wsignin/owa/auth/logon.aspx_replaceCurrent_url_owa/index.php?umail=c29mdHdhcmVAY2F0YWxpbmFtYXJrZXRpbmcuY29t,bad
youtube.com/watch?v=G44NCvNDLfc,good
dailymotion.com/video/x414hz_warner-bros-seven-arts-looney-tunes_shortfilms,good
pioneersalberta.org/profiles/k.html,good
inkel.co.kr/images/silvenegreus/jeioeuanstree/cantersia/paoalccistrea/quaistrevers/olariu/darog.html?asddsasdbnsdmnsdsa=assdanbsdamnsda6sandasbdmnbsda8samsdbnsdbnsamnasd5asdmsdambmnmasdbsmad7asdmnbdamndbmnnasd4sadmndbnadsbdasmndasbasd9sadmnabdas,bad
scholastic.com/blueballiett/popups/wright3_franklloydwright.htm,good
drmahmadi.com/benz/C50,bad
movies.about.com/od/theconstantgardener/a/gardener083005.htm,good
osabd.org/bangla/Paypal_Virefication/90351154e689ea797849d9417ab4ffcc/,bad
kimescidermill.com/markets/box.com/index.php,bad
facebook.com/ArtsKC,good
southtexascollege.edu/,good
amazon.com/Breaking-Point-Bo-Svenson/dp/B000NO1XI6,good
www.rlaj.com/scripts/,good
chinatown-bus.org/,good
games.groups.yahoo.com/group/dcuniverserpg/,good
www.macs.hw.ac.uk/~pdw/,good
cdbaby.com/cd/francke6,good
j.gs/2912956/paypalcomuscgi-binwebscrcmdlogin-s,bad
youtube.com/watch?v=_oMUJShmHXo,good
automateinternetmarketing.com/service/service/Path=6N349g2t8ZR5ctyn3hw5sIr/,bad
allhighschools.com/school/rapid-city-central-high-school/1000000350,good
beenverified.com/p/james+clemens,good
militarymuseum.org/lagunachapala.html,good
qwup.9997178.cn/zdjk/cznet.html,bad
amazon.com/Disney-Baby-Winnie-Musical-Mobile/dp/B0014BUQLW,good
superpages.com/bp/Berkley-MI/Richard-P-Zipser-L0082531459.htm,good