you've all failed me ,0
"Went to put some letters in the mailbox, saw a worm and then promptly stubbed my toe ",0
bored my hand hurts like hell...got my phone taken  wont have it bck til monday,0
Lovely weather outside. Stuck inside. ,0
"@LoniLove Me too, Lon. Me too! I don't get it yet. ",1
"wishing i could be at coachella this weekend  and trying to figure out facebook, its a bit confusing.",0
sittin in the breakroom eattin a meatball sub and waiting to curl back up in bed for a looooong sleep.  i hates being sick.    boo!,0
"ah i need to go offline  ugh :l anyways,ttygl!",0
at work  plus im sick. blah..,0
@Kay232  cant find any catch phrases for my design!!,1
i hate Sunday nights 'cause i can never fall asleep ,0
is it wrong that i'm fighting my eyelids at this time of day ,1
@crisr @MrFloydNL &gt; than that'll involve postage. i always hav a problem affording sending things off   watch out for TRE tees maybe ;p,0
"egads the lag on #GoW2 is unbearable (rubber banding, delayed finishers) but sooo close to winning the match ",0
@vanidosa27 What's wrong? why do you need an inhaler? I didn't even know you were sick  Hope you start feeling better,0
"@gjoosten I know! Freaked me out though. Her feet were dirty, that's what tipped me off. Now she's crying to go out ",0
@DiyanaAlcheva so obvious: They have weird names for all their stuff. ,1
@danielle_willis haha yeahh we should go together. My poor little sick car ,0
@daracaitlin I'm shooting for the law school banquet ,0
doing science homework!  YAY ,1
@KellyOlexa Nice! What do you put it down to? (the explosion?) Loving the awesomeness  I'm sweet! I feel so good lately. Crushing it = ,0
"ThinkReferrals, is the only one I've had a chat with on here. Other than that nope. Twitter sucks, people don't wanna chat ",1
haha. i just got listed as a &quot;trendy tweeter&quot; who was talking about easter. ,1
...I'm about to pop a motrin 800 &amp; doze off to sleep...the pain is shooting up my face ,0
@pastatothepeli Ate too much sushi in Japan ,1
"@Wakeangl I know.  I was pretty psyched myself, sorry.",1
"@mkmccarthy lol no, it was just for my TopDocs blog... ",1
@tomjames ahahahaha! ghostbusters degree! amazing ,0
"@ColleenLindsay Literary agents *killing literature*,I should stop writing, crawl up my own bum, keep my words to my lit l33t friends ",0
"I can't seem to let go. I hate crying and not having a shoulder to cry on  take me away, I'm gonna hurt somebody. Take me away right now.",0
@Rhiand92 you fail at life and all that it holds. ,1
@choosespun that's amazing!! i don't cook (yet)- my mom is phenom at mideast food too &amp; shes always after me to start learning the dishes ,1
"Funtime over, back to the painting ",0
Off to see &quot;Rock the Ballet&quot;! Should be a fun evening of dance and rock. ,1
@tombesore LOL  Thanks!,1
@sheblondeswede Awww man. Schedule conflict *licks finger and flicks page* ,1
@DHemily didn't realize yr in premed! Congrats Daphne! Any plans to visit Ohio? Historic Conservative Meeting on campus   Beautiful.,0
"I think this is correct: Global 13, Bauer 13, Absolute 10, Prison Radio 4, UTV 2, GMG 1  ",0
miss my bestfriends!!!  i wish i could see them again! but i can't i'm stuck here at school!!!!!,0
Another ALT.NET podcast about ALT.NET  *sigh*,1
@lillyaustin Yeah sure! I'd love to have a look ,1
@XxSimmyxX no kidding. i want joe back. ,1
chillin with the homies ,1
"Hello beautiful, blue sky  Goodbye revision and work ",0
Starbucks. I need coffee!!!!!! Then school ,1
"@AndyRileyish I dunno, but it wasn't cream soda ",1
"@Maximilus You meant gang-friend, right? &quot;One more stone for your sling&quot; Did you do The River and the Source? ",0
"@LilPecan Oh, that's really great  Here we have a small blizzard and also cold wind blows...",0
@HypnoticYogi Wow you are such a busy man ,1
happily delayed reality for an extra day (thanks SWA!) but now is actually really coming back ,0
"I can't find the great vid of radar with diff angles, so i just settled for watching this one  http://tinyurl.com/d8h8bc",0
"@jaceyraee :O omggg. i hate floods, we get alot here. i'm so cold ",0
@SophieVeronica today was rad. we made it into the finals for cross country YAY. love you sophie &lt;3 (L) ps everythins cool with my mates ,1
Let 's not go racing and start under the safety car ,0
"Wow @sockington, I was unaware how popular u were/are 292,018 followers! ",1
"Love having access to a research machine with 4 quad core 64 bit opterons, and 60 gigs of ram ",1
"Not much achieved, time to rethink plans for day  Neck pain not helping matters.",0
is having dns issues again ,1
@ILUVNKOTB Yeah! She did. It's awesome!  She put a picture up.,1
@oX_Caroline aaaahhhhhh hate my life! hahahaa ,0
At the salon ,1
@princessq82 dang tammy  but im not bothering anyone!! lol my motto!?!,1
Firebuilding is not one of my innate gifts... ,0
@Wyldceltic1 I'm liking it ,1
@Ramona_W Hearing you had a suicide today at Taco Bell made me smile. ,0
up erly! lots to do! heavily sunburnt from yesterday ,0
"Recovering my PC from an epic hard disk crash.  According to the program, estimated time remaining is 1012 hours, 7 minutes Wowza... ",0
"argh, there goes my plans for Friday... ",0
@DanaEatsYou   hahaha im sorry  i didnt mean to. and you're supposed to film the day of silly! thats cheating doing it the day before!,1
"Set Patrick's new puter up. It's powerful enough for him to do some serious recording, and remixing on his own. ",0
Brushin' mah teef.  Secularly.,1
@queenkv thanks  I'm just grateful my family's ok.,1
I am dreading that I have to move from this neighborhood since my landlord stopped paying the mortgage and this house is in foreclosure ,0
"A night a Norah Jones Jazz, honey and lemon, bear porn and beachams flu plus...PLEASE don't lemme get too ill ",0
wants to find @zacharyxbinks but is stumped . . . ,1
"@michelleleung Thanks, Michelle! I love you! &lt;3 ",1
"#untwitter the &quot;trash-bin&quot; solution doesn't work! the tweet is in the indexes and propagated, even if it disappears from my personal list ",0
@edObie Suggestion for the lil' one's twittter account: edOblet There's my contribution ,1
@marcforrest I absolutely HATE it when you get to tweet that ,0
Gaids gaids gaids! I've forgotten my charger so no phone until I get home once my battery dies ,1
"So many new followers from #followfriday! Welcome everyone! usually I send a message to each, but was on deadline yesterday. ",0
my friends are going crazy looking for me.  but i am tiredddd lmao  i am so lame!,1
Time to fly! Ord-dca-ord-clt 16hrs clt-ord-iad-mco 13hrs mco-ord hm in time for date night ,1
@DreamRiverdgns That makes things miserable. ,1
must. not. slack. must. do. homeworks. fuckyoutwittermsnandfacebook ,1
@iRestaurant re twitter'd @DunkinDonuts for cold Altanta: suggest ya negotiate deal in which calories are left in cyber space! ,0
@owenmeredith YOOTHA IS DEAD?!! Fuck.  I thought she was quiet.,0
@snarkattack hi  I'd love to see a bumper sticker that read &quot;ministers make you scream for god!&quot; ... I'm so going to hell now!,0
@kingjesse Yes. Yes it has. But I'm drunk now so it's okay. ,0
@quii  Jealous Java programmer -&gt; @HeyChinaski,1
@jenn_if_er Think how much cooler you'll feel without it!  ,1
@tweetie well that's impressive. Both spot 25 AND spot 26   http://twitpic.com/2yabd,1
"Seventeen again was great, reeses peanut buttercups x2, twix x2 = Me about to be sick ",0
Thank you @NKOTB for a wonderful show. @joeymcintyre I loved the new song! @DonnieWahlberg I'm sad you didn't wear my hat ,1
I hate this live feed. They need a Texas C-SPAN. ,0
"Had a frigging awesome day doing the furmeet  Zen, Ice you're a life saver thanks for looking after Stu -hug-",1
@sickforcute Linds did I tick you off in your LJ post? I can't get to it anymore. I hope I didn't. ,0
"@mangomangomango fruitie dear,how u tweetweet on ur E71?i cannot le!tell me tell me le!  under installation in our phone is it? thanks",1
i can't wait to see her again.. for dinner ,1
"@melishus yiippeee!! yeah, it's probably not allowed &amp; karma will hate me later, but let's live up the fun while we can ",0
I hate cooking dinner ,0
"@tomwellingtweet ok, have a great night, too ",1
@mihuthelion hello mihuuu! ,0
had a blast with the play and karaoke!  Now it's time to catch up on sleep and homework. ,1
ohhh i hate civicsss ,0
@StaceyBBird  hehe i know lol nah im not really. I looked and i cant see a mut section but if there is then you can shoot me lol,0
@dumbblondy I guess I didn't realize I was being so critical...sorry ,0
@kimberley_ lol awww!  I want a cuddles now  you almost made my eyes  leak. love you too &lt;3,0
@Posh_Totty Because there is no one flashing their knickers &amp; no one buffing it up the car with boobs whilst i'm cleaning mine ,1
@MarieMoM Today is the last day and if I go I will just get a zero anyway because Im just not prepared at all ,0
"Got the viruses out of my PC, god what a hassle ",0
"@crazymog Ruby vetoed some fun power tool purchasing, shame as tree felling would have been an ideal opportunity! ",0
@dhewlett Ignore a mySQL problem until tomorrow? You're definitely still a system admin at heart ,0
is scanning piktchas from races maann ,0
getting ready to go get my toenail lasered ,1
"Haa,(: i could get used to thiss. ",1
@alonpeer 10x man  any tips or ideas?,1
A grip of amador county wines with Noyes....even snuck into the insider's preview of '08 zin from Toscano. Yum ,0
"4 GB RAM, core 2 duo, 1 TB HDD, No virus, still dead slow.. ",0
@moonfrye if I could do one thing tonight it would be to stay awake long enough to read until daylight ,1
Needs the motivation to get dressed and go to work I hate training ,0
"food-check, washingup-check, CV....no check ",1
I am feeling sick ,0
googling...Biltmore estate....flower festival coming up..looks like a neat place to visit ,1
@perezhilton always indiferent to eminem ,1
"I get spam mails more than real mails,what to do ?       hahahhahahah",0
"I feel like i've beeen hit by a Ford Alton F-650 XUV, and let me tell ya that is one big XUV, so you can just imagine how sick i feel. ",0
@androidtomato I'm really goingto misshim as the doctor ,1
"Walkind Dead #60,Vers�o Brasileira Herbert Richards: http://tinyurl.com/cka9us ",0
@vichick girl i feel your pain ,0
"is still revising. When will this hell on earth end? Ok, wait. Not that bad but still! Other sixth formers will know exactly what I mean! ",0
i have problems with oceanup..can�t visit the page :'(..don�t know if they have updates i could post ,0
Corndog is leaving the world of inverurie  i have a giant tear in my eye-very sad!,1
I'm sick... But I have to venture out anyway. I gave ro my second pair of gloves only to realize I kind of need them today. ,0
News Ltd team: you quoted me: all is forgiven (just promise not to threaten to sue again  )  http://is.gd/r9HE,0
@susieqtpie ah thanks ,1
I wish my computer wasn't broken so I could get a effin pic up..why can't I do it on my blackberrry ,1
"@suplada I'll get those stuff fr the UK/Japan. If I'm desperate enough for headphones from the US, I might do JAC. My tita can be slow. ",1
Heading to get some shut-eye...I need it ,1
@janetastic thanks for the tip! no ff for us this weekend. ,1
Tomorrow we'll gonna have Feijoda at the Office ,1
New Peter Alexander stuff always goes down well ,1
well tonight was succesful  now i have hoedown throwdown stuck in my head again,0
@Will_Surren Great work! We are getting there  Say Hi to Macy for me.,1
Starting to be far too many spamers and bullshit followers on Twitter.. I tweet about moving furniture and 3 furniture companys follow me ,0
"@mommy2yaya girl, don't wanna think about a cruise with all this water around me, lol... under flood warning... ",0
I remember &quot;2 Guys a Girl and a Pizza Place.&quot;  That was a hilarious show.  Where the hell are the dvds? ,0
"@PaulaAbdul aww, good luck Paula, and take it easy sometime too. ",1
"Neti pot following directions = massive sinus pain, congestion yesterday, drainage/bronchial cough today. ",0
"@minuchawla Yes, yes, street pavement will be available only after election of constituency candidate itself ",1
@phatelara morning debbs webbs!!  Hope you had a nice sleep! ,0
@mikeyway hi mikey! how are u? we want more practice cam  xo,1
"@WilliamShatner, I was watching Wonderfalls dvd last night, when the protag's brother and best friend kiss, flashed on you and Nichelle.  ",0
No morning SMOOCHES? ,1
hope the sun holds out till tomorrow cos I'm stuck in the IMAX all day ,0
man so board. Im going to play guitar hero. ,1
has  faced the fact that his &quot;machine-washed&quot;  I-Pod cannot be revived   Must turn loose of false hope and and discard ..whaaa..,1
Heavy rains in Rome. Still stuck inside with a cold ,0
@valxx http://twitpic.com/2w1uj - This is awesome! i love it!! especially the wordings. AWESOME! KEEP MOVING ON! ,1
I havent been home since xmas break. lm a lil homesick  Faith.Hope.LOVE,0
Trying to explain to Jaeden why grandpa who is in Iraq can't just come over today to catch bugs with him..he's not really understanding ,0
@nick_carter If  I lived in Cali hell ya but i live in Ohio. So i will jus download some good music n watch a movie ,0
had planned to go to Miami but Christina changed her mind! don't want to stay in Greece for Easter ,0
cant sleep cant sleep cant sleep cant sleep somone give me some sleeping pills arghh hate this ,0
@elizarledge Hello! Nice to &quot;tweet&quot; you here!  Looking forward to getting to know you.,0
Mir every single morning I feel sick ,0
JG Ballard has died.   http://snipr.com/g7o86,1
See u later - time to move and do work!  Don't have smart phone to carry around with me and send tweets on the run ,0
Watching The Notebook ,1
@lovelifeforever i can't read what your typing ,1
@TheGrottoTweets I know... I thought it was hilarious it makes me look at my morning cup of Earl Grey a little differently! ,1
@bibliobecca Uh-hum and this sister needs a huggg. ,1
@cassiduncan oh bob i didnt see it ,1
"didnt get much sleep last ngiht, with all the fire trucks ",0
"dont wanna study, but have to do it ",1
"S.C.U.B.A. = Something Creepy Under Boat... Andy? -Shaw Hunter, Boy meets world ",1
@TheFemGeek isn't it interesting how someone's sense of style can influence and inspire your fashion choices? ,1
union sqaure. cheesecake factory. with my boyfriend. having a nice dinner with nice wine ,1
"I hate hat HATE how ever time I come back to San Antonio, my allergies act up.  I miss being able to wake up and breath. ",0
Sick  Good thing its the weekend ,0
@CRiojas. LOL yes sis its so ptetty here...wish you guys were here ,1
Should reserve more time read BOND documents and prepare for project. ,0
@stefanlubinski I'l be there - look forward to meeting you! PS - I'm easy to spot - I'm the only one with pink hair ,1
Cant find the &quot;remember me&quot; option on m.twitter. Its a pain typing my looooooong password every time. ,0
Must attempt to sleep maintain iPod silence. -not helping @jonnyreed if I make it over border I will send pretty postcard. ,0
New iPod Nano. Less than 16GB and I have 20GB of music. Time to decide what to cut.  ,1
bought yum fresh produce from the market to make yum dishes for dinner tonight ,1
@phillipL37  Hardly been on MySpace in the past couple of years. Pics are a little stale there. Oh well.,1
really wants to be outside enjoying this weather..i'm stuck at work instead ,0
@amp451 have fun and be safe  good night!,0
handyman just cancelled on me ,0
@BeckyBurton It's probably just mice. Noisy buggers. Sound like rats or cats but are wee tiny things. Traps or poison I'm afraid ,0
@jinadcruz of course not. It means u need someone smart in your life to monetise your content! ,0
@hotspringer Can you send me one please   www.golfsigma.com  might be something to write about after The Masters.,1
Good morning!!!!.....rainy day..  no climbing today...,1
@nellierogers  My advice would be not to get hung up on rankings - but to look at organic search visitors as the target ,1
@tuderich Well who needs a reason  I would love to travel everywhere..just because they sound nice or someone else has talked about it,1
@tonyblackburn can u stil win a goldfish @ the funfair? ,1
Trying to trim down the big laptop to use the least amount of power... Will still look for AC soon. ,0
@HilaryKaplan I can't go to sleep lol ,1
@JBmyworldxx where'd you get tht from?? ,1
hates the waiting game. she hates uncertainties too. ,0
"@whoisariston No problem, tongue-in-cheek remark.  Lots of acronyms, but no NZ ",0
went swimming with the westons and got burnt now going to a pool party ,0
@thai101 Beat you buddy - I'm 70% geek. All hail Han shooting first! ,0
heading to school after 11. sisters sick ,0
@antzpantz well I obviosuly missed evcery single one ,1
i need an implantable memory stick so i can remember all the ideas  have offline *sigh* ,0
"bedtime, school tomorrow, and i still have no books  being broke suckssss",1
There was just a hornet in my room!  And I FREAKED out. I had my brother kill it. my mom is deathly allergic to them.,0
@realitylol i came up with an ez mode pull for her. We would have been deeper in last night but we had some healer tech issues ,1
Saracens losing Andy Farrell to retirement ,1
Still sick feeling weak  can't enjoy this beautiful spring weather ,0
@jordanknight Hi! Welcome to twitter   The army is ready for ya!,0
"@jimmyfranco Don't know if you're the real deal, but whatever. Hi  I'm surprised you don't have more followers. You are amazing &lt;3",0
My eyes hurt... ,1
is surprised at how cold it is at 2am at night. Will need to recheck at 4am to see if hell hath frozen over. ,0
@ywii It's sunny here too. Still boring though. My sister has gone to the park without me ,1
"@yboey Got a 20,000 candelpower 3 LED light that is nice, and all the vicious dogs in the neighbourhood know me now ",0
fever has started  anyone have any miracle cures for a cold?,0
"@sai_venkat re: non-testable: Adobe Air is a convenient thin UI for a fully testable API. Air is SO MUCH BETTER than, for instance, IE6. ",1
"up at 7 AM on a Saturday  boo! Photo-shoot, be back probably later tonight! xo",0
@FemaleProdigy Hate to burst your bubble but TV Guide's Matt Roush says it's a disaster!  I was looking fwd to it also. ,0
"@caninez It's hard, March and April are the toughest times in school with finals and all, but yet it has March Madness and NBA Playoffs ",1
@christopherburt Hello partner in crime. I found you on twitter! ,0
WOW! Great weather! It's ~70F here! ,1
Up again around 4 am. Geez! This time I know why... headache is severe. Took meds - now waiting for relief. ,0
@forager23 We just saw a raccoon in Central Park...everyone says it must be rabid ,1
Hates the cereal at the end of the box ,0
"This woman is an utter disgrace http://bit.ly/xBbmu - should be charged with aggravated wasting of police time, Clifford given a caution ",0
@CheyanneBrae Happy Sunday to you as well.  ,1
Worst burn of my life! so sick ,0
"@enterskyland Im getting bored of Twitter, nobody replies, this only seems like a pit of crocodiles, huge mouths and no ears ",1
Dead tired outside of baker's! This hardcore goodbye is taking too long I wanna sleep and be warm ,0
@xShorty4Lifex white!! ,1
"Jeez! today is gona be the longest day in bloody history sat here, ",1
Um.....Its Saturday nite. What is everyone else doing? ,1
"@M4RKM  You stuck in traffic then? My journey was traffic free this morning, if it's any help.",0
@mileycyrus Good Morning  I hope you feel better!,1
"really really unwell, this cold is killing me ",1
So I have a Blackberry just tempting me on my desk and my old shitty RAZR that I can't even look at anymore (it's ugly to me) ,1
"i have realised something. whenever i can't text phoebe i email her, like in macau, i emailed her endlessly, it's the same now  no Sykes!",1
"Maybe it's just me, but when someone tells me &quot;Have a nice day,&quot; my response is usually &quot;You too,&quot; not &quot;I will,&quot; &quot;Yeah,&quot; or &quot;Whatever.&quot; ",0
"At TC Beach Online(Kuantan(Malaysia)Macdonald's), Just Register Twitter ! Hello All The Twitter's !!! ",0
@benjibum haha. thats what I say about my cat.&quot;SHE LOVES ME!!&quot; but then i pick her up and she screams her smelly breathe in my face.  haha,1
astro belts win ,1
http://twitpic.com/3j3mg - Lake Michigan  be jealous,1
New venue buck 50 bt im so tired. ,1
"Hi guys. In school at the moment, just chilling. Finished ICT coursework, woot woot.  @jeanbridges Hi!",1
@DolfinFan  Our picnic will be fabulous!,1
Gooooooooood Morning ,1
Another glorious cloudy and rain-filled day... And I'm spending it in a room with no windows. ,0
"@urbanadventours I came into the shop yesterday (to return mysteriously missing C4), but you weren't there.  Let's plan a tweetup.",0
@rebel_vamp thanks  sometimes i hate my laptop.,0
@rogue coming to see youuuu at Travelstart ,1
no im not kidding � damon at the palor = full package. hes so hot. and somehow my tab was  only 8 bucks?! ,1
"The weather is dead nice, can't believe i have to work till 5 ",0
@RadarDog grass??? And it does not make them sick I would not like to be the two leg picking up the poop  I could not believe it,0
@ddlovato  heyy demiii! how r u? i hope finee!  you sing so beautiful!   Regards from colombia!,0
hasn't gotten too far on her cleaning but has certainly caught up on some much needed sleep! ,1
Yes I should have been home with knowing I have a shoot in the morning but it was @amyjfisher's bday. Nuff said ,0
Getting read for nightshift 2 of 7 ,1
Is at home with a poorly foot ,1
what a beautiful day! finally! ,1
@jimyackel hope you are staying warm! Have a great day. ,1
Made eggplant parmagian and pasta at 1am and it was fabulous!! ,0
full of salad;;photoshoot then work then staying up all night to write a research paper ,0
"@JoelMadden i have a dog, her name is madden she will never die  get outta town",1
@Franklero Aw Frank  Airport people are always dead grumpy. They've got like 24/7 jetlag.,0
I have no money until my mommys check is put in ,1
I need to go out but I am so lazy. ,1
Halftime...does not look very good ,1
"@glove ... Hey there! Just wondering if you'll be coming back to AZ soon? I came down with the flu &amp; missed the last Tempe,AZ show ",0
"@mr_flibble08 yeah, sad times ",1
"Wish I could welcome the #Spartans back to EL, but I am stuck in class  #msu",0
State testing no phones allowed T ,1
Feeling lonely. ,1
@lrbolton My iherb orders took like 3 days. But if it's shipping UPS Innovations or whatever then it will take longer  But no more than 5,0
@chrisowyoung (&amp; @dncosta) me too   Thanks for the heads up Chris - it looks really useful.,1
@caryw7 did what???!!  I just finished the major portion of a massive re-org of my sparklecrack. How did I get so much?,0
gahhh why do I have to be sick before NYC!!! ,0
Made my flight and just landed in Dallas.  Have to try to sleep so I can do Sunday AM... Starting to feel sick ,0
Ok back to my nap..its so hard though..can't force sleep. But I need to take advantage of when my kiddies r getting shuteye ,1
"@blueglitterfish Have a great day at ATWT, Cady!!!!   ",1
"Yeah had to call into work today. The Dr. is going to the office just to see little Matthew at 1:00, I am pretty sure its pink eye ",1
@GahDESS GOODNIGHT!  I hate it that I don't get a warning beep. ,0
"@sylvainsf working on my bsdcan talk. you should come over sometime in the next week, i could use someone to practice it on. ",1
@meesh1813 hahaha omg im gonna barf you two have issuesssssssss. ps- im sad and sorry im not coming tonight  im taking my temp as we speak,1
is coming home from pr today  and school tomorrow? ew.,1
really want to watch the new fma. why does my internet fail so hard. ,0
I'm sick...  *cough* *sneeze*,0
Luongo is really good but he has great backup w the defensemen! If I were the coach  I would take out the DMen! ,0
Sleeeepin. Gotta rest up to finish painting ,0
@ticklemeGINA ginaa!! whats up  hows everything in maaas? ny is finally gettin a little warmer  &amp; i stil havent seen WOW ,1
has a cold from playing outside yesterday ,1
"@chuckhall  I'm like a fine wine, my friend  ",1
"@mangaaa I hope they will increase the capacity fast, yesterday was such a pain. Got the fail whale +15 times in 2 hours.... ",0
"@moonfrye I find your tweets are extraordinarily and consistently positive. Given my own last tweet, I could take a page from your book. ",1
@MsLanell IDK...JUS A COUPLE PPL R ON ON MI PAGE ,1
On the way to london listening to matchbook romance...happy birthday rachel ,1
Wtf gas is over 2 dollars now ,0
Everyone's at my house. I want to sleep ,1
"@StevenLan Why would you say that? Lol, now I'm staring at the cup i waited literally about 20 minutes to get. ",1
blue cheese is bitch.. whenever i start to crave cheese i know my weight is in upswing. ,1
is sick and tired  glee tomorrow and idk how I feel about that.,0
"@sinspired I'm so sorry, but that was my evil plan for world domination ",0
So excited about my 30 min yoga session ahead of me  Followed up by berocca and goats yoghurt  ooooooooooommmmmmmmmmmm,1
i had video for 10 seconds... and then it failed  #asot400,0
Bought Peggle today and it's already burned into my plasma ,0
"Matt's still in lotsa pain, missed work all week and can't do much.  Poor guy ",0
"Okay here I go..this week Take Two: Electric Boogaloo!  Hello all, how is everyone this morning? ",0
@justinlevy So helpful! I especially like &quot;be extra careful not to light the towel or yourself on fire.&quot;  Thanks!,0
Found it.. bloody iPlayer tho  hate that thing with a passion.,0
My zippo is out of gas ,0
yes! i just got wifi to work on my iphone  lol,1
@officail_flo follow me n ill follow u! ,1
@FranciscoIV  I don't remember the artist  it's an 80s song though ..,1
"Sittin here w/Kayla, I really really reallly dis-like having a brother.  He doesn't know when to stop. I'm waiting for the day when one of",1
goin 2 have mor chese its but i wnt pizza but if i cook pizza ill burn it n set da alarm off again so ill stick 2 hot cheese its yummy ,0
On this and bebo...Sore tummy ,1
@ericturk : haha! Hi darling! I have no clue what to do  how are you?,1
"Sorry, was getting ready.  Going to leave at 8am today.",1
@justinlevy Working  but lots of happy guests 'cause the weather is good - then catching the end of the Bruins game - you?,1
@DeAndreWright girl me too  I will just have see yall Monday night cuz this rain has everywhere flooded,0
and i didnt end up seeing it  bumma...some ppl are being a pain,0
Fuck. I feel a hell of a lot worse today ,0
@JanSimpson ..and listen to the answer (or at least pretend to) ,1
oh wtf @ house. NOT COOL. ,1
Just burnt my fecking toast ,0
@darkknight808 okay! I think little oven again on wednesday!  7-9pm?,1
@Stodge I find it hard to focus when drunk... I'm also in Wiltshire which doesn't seem to have good mobile coverage... Sorry! ,0
arty art art..all i seem 2 do ,1
I almost burnt my French Toast because I was Twittering!  ,0
Cleaning sucks lol hate it   KaylaD,0
Clean house or go ride the 4 wheeler? Hmmmm...gonna be a nervous wreck until I hear from Kenny. Hit em once for Mama! ,1
"ugh, i have like a permanent headache! i want to go ice skating tomorrow but apparently its closed! GAYYY i dont want holidays to end ",1
I hate a terrible headache ,0
@tommcfly ive never been on a plane.  so sorry no. how many times have you been on a plane?,0
hates revision ,0
being sick nyquil does not work any more ,0
LAST DAY AT LSHS TOMORROW ,1
@jamielynnbeals we may have an offer tomorrow. We'll see..how r ya? ,1
waiiiiting to go to work. sucks working sundays ,1
First time to go negative in my bank account!!  i am not a happy camper!! what was i thinking!,1
@theroser Are you guys going on tour in Europe too with JB?? Cause I really want to see you performing!! ,1
Listening to Very Jon &amp; Oscar Tg's mixes of Rise of the Robots. WOW ,1
@karenkwok920 omg. you MET the BABIES. OMFGGGGGGGG DIVA I HATE YOU. you should have held one hostage and led britney to me. ,0
Yummy Yummy Reeses Pieces on movie theater popcorn hella good. ,0
@VCMike First class?  You and Bijan need to move to the back of the bus and save your LPs some $$!  ,1
@DaisyPlusThree That is a great compliment! I wish I was told I look like her. I always hear I look like Paris Hilton. I hate it! ,0
@AthenaATL lol i love that song  but now its we'll all be. duh,1
@irishscream you know it! ,1
I have a constant pain round side and back of my ribs with a rash on my left rib. Help ,0
@zinziii Aha! Finally figured out how to share the Google Reader shared items you'd never guess I was a developer   http://is.gd/rc5v,1
Old schoolin' it with @HeavyD &quot;Now That We Found Love&quot; ? http://twt.fm/60652 #twtfm Love you D! ,1
@helen_johnson as if you went out without me ,1
"@hitman1971 don't give up too easily regardless of any obstacles in your way, gd to be positive ",1
@iamjonathancook I'm soooo mad I'm not going tonight yall are like my fav band but I thought I had to work and I don't ,1
Dangit! I think I messed up that up hardcore  &lt;/3,1
being borde and watchin a movie called The Holiday ,1
My camera spoil ,1
sun at last - decking is cleaned! Must go out &amp; plant more plants that will be slug fodder. My little baby cosmos succumbed to evil slugs ,0
@TheLadySmoke is my 100th follower! Thanks everyone for putting me in triple digits ,1
was offered �30 for my old car  Am going to keep trying see if I can get a bit more.. she has cupcakes on for goodness sake!,1
@taylorpeterson are you coming soon? ,1
"@amandabynes i really liked it! i'm ur #1 fan i loved all of ur movies! especially 'she's the man', it's so funny! I LOVE IT!  &lt;3",1
@ohmanbreanne HAHA. Get backup ones?  Are you in math right now?,0
@AKSheridan @gt9 thanks! But I can't open it!  Some error keeps occuring,1
"@KathiePritchett damn baby, you always sleeping on me ",1
is feeling terribly sick right now! ,0
Long night last night haha absolute shattered ,1
I dont have it in my heart 2 B bitter &amp;preach that all men R the same. I told @DJKillatouch I hate men but I didn't mean it ,0
is struggling with putting the concept of cutting down smoking into reality ,1
might be needing this in the very near future  http://macmost.com/replacing-a-macbook-pro-fan.html,1
"Ok this sucks, I'm still feeling under the weather, but, i'm soldering on. I'm in the office today. Sunday night I had a 103 deg temp. ",1
@FMCC no problem  cool about ur bro ,0
@christinamendez: My list is short; so does that mean the my God is huge too?  LoL  ,1
"sunshine, shades, tunes...and a sprained ankle ",1
@r_keith_hill Thans for your response. Ihad already find this answer ,0
feeling the pain in my buns after biking 20 km around Warsaw yesterday ,0
NY Yankees are gettng  clobbered by  the Indians! ,1
http://www.savestevesplace.com/ &lt;--- Sign it to save Steve Irwin's place ,1
I feel so sick right now. I have nothing to do you we still have a few hours.  I need to get out of this van.,0
@tranceboy_johny okay this is the answer  #asot400,1
@Irisheyz77 Maybe for the home-stretch but right now it's making me seriously ill.   Besides I'm pretty awake right now. #readathon,1
"Aw, no second batch of sausage today:  the pork did not look or smell right, so it went into the trash. ",0
@tommcfly oh dear  why can't i be in england :'( i'm 'stuck' in australia.,0
Feels like shit. Simple as. Back to sleep  x,1
I hate mornings after.    ugh!,0
@elvo86 About how many are there? I got stuck on-call this weekend and I'm working with a downed server right now. ,0
&quot;Who is your favorite vintage designer?&quot; Lucy: &quot;Topshop.&quot; I miss cycle 3 of britain's ntm. ,1
@Jezzy14 omg i know i cannot wait!!! i think the tickets come out at the end this month or the star of next month   x x,1
@SteveSievers i miss you. and i hate you. i wanna go on pirates!  and i have seriously been daydreaming about moving to LA. scary. ;),0
green tea with lemon..YUMMMM!!! Wish I had peach detox tea ,1
"@DubTheatreFest Hey Shauna, tried direct reply but it wasn't working. all good here and u? the dock on twitter...times they are achanging ",0
@vavroom thats ok I have eye fillet coming in about 6 minutes ,1
"@adamrothwell  Funny that about to start doing ours, rest assured not a pie chart / Bar graph in sight ",1
SEO is fun! almost too easy ,1
"@vthorne well if ur only drinking water, its no surprise ur not drunk, silly! ",0
"had a blast at the Getty Villa, but hates that she's had a sore throat all day. It's just getting worse too ",0
i had a fun night! got to see @nevershoutnever and andy from @holidayparade! yaye! then @waitrewindthat took me to ihop  yum!,1
i have no friggin idea how to operate twitter from my phone... i wanted to comment back to nat ,1
Any plans of coming to Singapore? ,0
At home sick  Chicken noodle soup&lt;3,0
"From the BBC  -the novelist JG Ballard has died at the age of 78. Several of his books were turned into films including Crash, Empireofsun",0
"@myhaloromance I must, they seem hella aweshum ",0
LSATtiiingggg  Columbia-bound if all goes according to plan,0
@stormwarden oh have i used that one before? damn ,1
@marginatasnaily haha! yes she is. bloody time difference ,1
i cant get onto the internet from my account  something about virus threat something. i need to reformate my comp but i dont know how.,0
Sick at work  took Monday off... Gonna take tomorrow off.,0
has just finished painting me shelfs (thank god) the bad thing is that if i not done it right i have to do it all over again ,0
"@mattedge To be honest im leaning more towards the 650 at the moment. I just dont need that massive pulling power, nor that price tag ",0
I feel like an asolute pile of shit ,1
Long weekend without tweeting  been busy repainting every room in the house! At least the wife is happy!,0
@TheHZA I had a classic TR6 convertible roadster TOTALED one night by a drunk woman in a huge Buick. Parked on the street at GF's. *sob* ,0
"@iamdiddy PAIN NO GAIN. PAIN NO GAIN. PAIN NO GAIN. PAIN NO GAIN, THROUGH GOD I CAN DO ALL THINGS!!!!!!!!!!! GOD IS MY STRENGTH. ",0
@MariahCarey U c you're not the only one still up  u have a large extended family lamb  U still having problems w/ your teeth?,0
"@davidbaillie Dont worry, your secret is safe with me ",0
was just &quot;de-virginized&quot; from the Rocky Horror Picture Show theatre experience ,1
an hour has now passed n im still on this digital img thing.  all nightaH.,1
I tried setting up twitter on my phone but failed ,0
has a very light cold; is hoping it will go away soon but is worried it will instead become a very heavy cold. ,1
Poor Sandra Cantu &amp; the Cantu family! My prayers go out to them! What a sick world we live in. She was only 8 ,0
at my house Chillin!!! ,1
"@sadknob  Ah, That is a sign that they are either agreeing with you or are totally confused. lol ",1
Queer prom tonite   soooooo much fun. I loved it,1
Watching gossip girl season 1 and drinking a homemade lemon drop martini.... Chill saturday night ,1
@ProductOfFear You can tell him that I just burst out laughing really loud because of that  Thanks for making me come out of my sulk!,0
"@_Kathi HUGS  Yes, lady, survivors are a determined group  Last night went well...I did not cry!!!",1
AMERICAN IDOL watch to win a trip to LA -- i'm keen ,1
On a diet.... Woke up 2day Hungry ,1
"i�m really tired ,, but i must learn for rewe and i misss my honey ",1
@ElisabethRut ,1
cant wait for a bit of dancing on ice 2nightttt  x,1
@frombecca I heard! and hiii. ,1
@heyitsmark louise and i are going insaaaaaaannneeeeeeeee ,1
likes the old jonas brothers songs. they're cool. can't wait for tomorow. twilightt sleepover ,1
@trishofthetrade drunk tweeting?  hahaha I am sick and drinking was out of the question last night ,0
"@louieouieouie may bastos? :| i don't want to be blamed for picking that movie. we watched HSM3 before, everyone hated me  OKAY THANKS!",0
@firsttiger Real phone? i just read your blog on phones - they are not phones anymore ,1
@Horrors_Wench Me toooooo! I feel like I've been on the verge of an anxiety attack all day.  ,0
@loris_sl Have you seen the way cats look at you? They ar planning on taking over the world. But their cunning plan is thwarted by dogs ,0
"Coachella Day 2 over, one more left!  TRVSDJAM + surprise guest Warren G=amazing... Michael Franti + spearhead=great music/vibe! BEDTIME",0
Hey anyone tell me that today how I complete 1000 Followers?? Now I have 952  I m stuck now. please Reply.,0
Headed to the airport with hubby.  I will miss him! ,0
"Going out soon to Vivo, I think. I'm so tired &amp; I haven't completed any homework yet. I hatehatehate homeworks! ",0
@naughtyhaughty HOW DID I FORGET ABOUT TWO AND A HALF MEN?!?!? I LOVE THAT SHOW!!! ,1
"anyone still play neopets? I'm &quot;brunhilde&quot; on there, keep me company, savvy? (laid up in bed today with flu)  #fb",0
"@thebadblogger Bet �25 on anything @ Betfair, get �25 cashback if your bet loses, thats a win win situation   http://tinyurl.com/cldthh",0
Evacuated from apt building due to fire Sun (all are safe) - returning today ,0
@mea_86 I'm sick face too ,0
"@phanxhunter i wish, but im leaving for church soon. The next time i could call you would be 715ish when confirmation is over. ",1
"hayyy, tanning today ",1
"Was really hoping student loan would go in a day early, nothing yet! ",1
Ugh. I'm so burnt. ,0
"&gt; brother is on his laptop so i cant edit, forgot to run scans whilst i was out and lost at cod  damm this is annying",0
"@LaurenKay1994 Good one!  Therefore, he's a hero/heart stealer. lol.",0
@vedrangulin agreed ,1
At one of my fave places! Wingstop! ,1
"@HappySinger I don't think it's appropriate... I'm sorry, I can't use it. ",1
thinking how i am actually gonna revise for my gcse's which are very soon unfortunately ,1
tweeps.. i m heading out for lunch.. shld be back in an hour.. plan to watch the #IPL then.. I thinks! ,0
doing nothing..just lovesick ,0
 @theenglishmuse on &quot;Karl Lagerfeld&quot; 's Twitter profile(s) lol!  Heart the first pic http://tinyurl.com/cbl6tm,1
having a party ?? ,1
Sleepy again.... ,1
Sigh. Still no freaking Internet- this time at our hotel. I didn't really need to send any work emails this week anyway. ,1
my eyes are sore today!    I HATE SNOW!,0
@firedancertat you will ,1
i love say yes to the dress. since age 10 i wanted to be a bridal consultant. then i realized i had to go to college and get a real job ,1
in-laws and b-day boy carlos are all in dreamland. i'm so happy they are here.     ,1
just discovered a quarter stuck in my shredder! I need Handy Manny ASAP!  Wondering who the culprit is - thinking they are under 4 feet.,0
@whodeani The whale would be a conversation piece..but..quirky decorating taste! ,1
@DerekMarkham sellers and braggers are the downfall of twitter ,1
Seriously beginning to hate this entire 'get up and write' routine. Wish the essays could all just be over with ,0
just woke up from my afternoon nap. Hello! ,0
@carlosedp Hell yeah! ,0
"@JohnGreenaway o that's fantastic. i hate timesheets, but they are forcing me to do them now ",0
@esoteric_vae I can beat you on that front.. went to bed 4ish.. back awake 6.30.. failed to get back to sleep. Have now given up ,0
Going to start laundry. Hoping the getting up and moving will calm Aurora down. Mike's computer won't boot up - something with the power. ,0
@Gailporter oh no hun  hope your okay lady porter Cx,1
finally home...crunk ass night at Sting..full on chinese food..finally hit up that good ol chinese spot on lower greenville after months ,1
"hm, I guess I have been silent for the past few days... sorry ",1
"@abbyro my cell is broken, so call my bb if want to do anything/to make plans for tomorrow. ",0
at the hospital getting my friend put in ,1
 the stitches on my radiohead shirt are coming undone. wahhhh,1
finishing upp last homework stuff and projects !  ,1
just hit her head really hard off the open window   Life sucks so badly right now,1
My poor son put himself to bed tonight. We didn't get to read any of his new books we bought either. ,1
@genepark I think you are safe.  I've seen plenty of profile photos with you and various local celebrity babes ,0
After cruising around the local flea market and then grabbing brunch I've just waved goodbye to @efuliehan ,0
sick ...and giant accounting test at 6 ,0
@andy32muk They aren't fucking kidding. This API is so totally fucking kickass compared to stupid DFail. ,1
's coworkers are wondering why he's so giddy lol. ,1
Jon Stewart loves Twitter  http://www.thedailyshow.com/video/index.jhtml?videoId=219519&amp;title=twitter-frenzy,1
"@imblind Gerard?? like from MCR!? do you know him?,... or is another gerard(darn...not from my chemical romacne!?) ",1
i think to much on the past. i cant change it. i deserved so much more then wat i got. ..but why am i still thinking about him  gah,1
@natashahh i don't think i can  ughh I have this architecture project due tomorrow and a painting to do. work overload,0
@swati121 SWATI!!! omg i missed you soo much  have you heard the new jls song 8-) ahaa youre probs all jetlagged right now...,0
is still sick and missing her LARA meeting &amp; critique group.  BOO TO BEING ILL!!! ,0
q for safari park is huuuuuuuuge! tis sunday i suppose ,1
Is dreading the drive to Tallahassee today ,1
5 months since the Metro Station &amp; Cash Cash concert ,0
@pmelt the only bad thing about aids is you can only catch it once  Id want to inflict more pain on the deadshits of this world.,0
@zinziii dammit! when ya heading home? we didn't get messy drunk together at any point! ,0
cant help it...i just tweet again even if i am quite away in  my province. the power of 3g mobile telecommunications. ,0
"@jjn1 typo in first line 'so of us' - 'some of us'. Not being cheeky, just helpful. I'm still finding them in mine days or weeks later. ",1
I really need to clean my room.. Come do it for me and ill shoot u 20 ,0
@iamdiddy i'm LOCKED IN because i have a deadline in two days ,0
@cosmicgirlie Thinking of you. Everything crossed  Turn baby turn!,1
@hayl3s not problemed just a child ,0
Livejournal seems to be down  I can't be distracted for editing my essay ^^ NO it's back!  MM,1
@Trypticon It doesn't seem like he'll ever learn. ,1
@all_ephemera Ugh! Poor you! ,1
"Damn, I'l stop my Blip.FM stuff for a while. Just gained 5 spammers. ",0
@SheBeeGee And here is me with no one nearby to share with ,1
ShanyJonas hahahaha! NO. love you too!! ,1
Its beautiful out! These r the days when i hate being stuck inside with homework ,0
http://twitpic.com/2yh5g - Today is the day. Gotta sell the scooter ,1
"@bnarayan1511 indeed very awesome, and yet I'm finding it almost time to detox from trance  #asot400",1
POWERS OUT. ,0
I'm sick today but trying to get better this is horrible ,0
@helgahenry thx for the tip. It worked! Time for a cup of tea ,1
awww  #asot400,1
I usually hate anyone poking my stomach but when my 81 yr old aunt does it with a big smile on her face I can't help but laugh ,0
I hate target. ,0
assuaged my sadness over the Caps loss with some serious DC shopping ,1
is sick. Bring him soup. And hugs please  My man cold is extreme!,0
@chanc Can't wait to see you in 4 sleeps and 3 days! ,1
Is off to shoot in Jamaica...stick around for new pics  xoxo,0
@MaGestiKLeGenD I've put your music on my iPod. Such good company on my way home ,1
"@christinastrain When I get closer to finalized plans, I am going to pick your brain. ",0
@oishiieats ,1
Just spent the last hour stuck in the elevator in my apartment building.  What fun...NOT!  Thanks to the Hoboken FD for rescuing me ,0
@Hannais Maybe next contest Ill invest in making it available to everyone @jadesamantha_  I just lost 2 followers for some reason.,1
@heidimontag Have fun. I'll go to bed now.  It's 2 AM here in Germany. And its rainy and cold. Have a nice day!,1
"@RaisingMaine check out @miltmafia - we're always looking for ways to pawn off the kids and have a night out (ok, I am) ",1
crap i accidently messed up............  mitchel musso probably hates me now,0
Is kinds done about the situation.  Headed to the house to sleep and such. Sunday is the last night for me in Miami ,1
Pixie is in the hospital!..  hoping she makes it through!!!..,1
@sofdlovesbsb I last saw them and im not going in June  hopefully I get see them live next year though!,1
"@Trekkygeek it is a bit, but still better than nothing ",1
Well...here we go .. starting off the day...cleaning is going to be my worst nightmare ,1
I'm really sad ,1
babysitttinggg... ALL DAY. and my puppy's sick  at least i think.. oy. gonna be a long one.,0
so freaking glad that its gonna be warm on monday. hell ya. sad that ryan is moving in november ,0
@VeganTerrorist Wish I was there ,0
I am in pain. My back and sides hurt. Not to mention crying is made of fail. ,0
"@mr2020 we even have the same Affirmation/Mantra (I a Healthy, I am Strong) now that's just plain interesting ",1
having a day off ,1
went to a new room. this is a BIG one. goin to take a new pic. but only those are gettin a bigger room who have to stay here longer ,1
@ilove_shoes in the processs of getting drunk. ,0
Exactly ,1
"@brittvicious alright so.... they taste alright, they are sticky..... and they collapsed on me  damn altittude. I will have to try again.",0
I plan on watching the OC from start to finish. ,0
"Hey, hey, hey! Today's my last day!!!! ",1
Going on the flyer now! ,1
"mm, twitter appears to have eaten some of my posts. naughty twitter ",1
@Isz so u puttin up or what ,1
is at home today...not very well again ,1
@musicalverse Too much choice! But been searching for other UK drama (school?) students to follow with nothing but fail  Bizarre.,0
is soo drowsy... I hate my meds ,0
@jramirez r u still up?! Tried 2 keep up w/kids but failed  am now home watching discovery n waiting 2 c who comes 2 crashes n my couch!,0
is really sad that I somehow broke my keyboard (music) last night when I dropped it learning to play piano. I AM SO CLUMSY!!!   ,1
"@margaretcho you're amazing, just listening to some of your old shows and having such a great time ",1
@daydee tell it you forgot your password &amp; it will give you a new one. it's the only way I can prevent tons of spam ,0
@jmewithachance cause i woke up early and i have nothing to do  im watching gay twilight and now im gonna watch xmen 2 ahaha,1
"If anyone wants copies of the IOC benchmark with Hiro, send me a direct message and it shall be yours ",1
"@tombrazelton Glad to hear that.  I would love to attend, and I plan to - but first I've gotta create books. That's the plan this year.",0
Part two of my HP saga: Black cartridge I bought way back dried out since I couldn't actually use it in my printer. 15 � gone. ,1
&amp;nd i still can't hear with my right ear ,1
@planettreasures Thank you  I love your clear pools necklace!,0
Welcome to the Coffee OnLine Twitter page! Please feel free to follow us in the Twitter World! ,1
Ahh really bad typo's .. proves ive completely lost it now ,1
I've discovered &quot;Monkey Forest&quot;    Planning a trip for Kris and i this summer.  http://www.monkey-forest.com/information.php?id_cat=1,0
heading off to workkk ,1
I'm going crazy at work. I want a new job.. ,1
@danielc Sorry it wasn't Wrath of Khan.  But we made do. ,1
"searching for the answer, because when you are stuck all you have to do is look. God already gave us all the answers  cant wait to go home",0
on the phone with somebody special he said hey tweets ,1
Got a headache and it's Monday - could things get any worse?  ,1
@nick_carter coachella?! i want to go sing the cure for me ,0
"@DonnieWahlberg Wise words but life sometimes doesn't work out as you plan, life has a habit of kicking you when you're down. ",0
"@charlotte_doyle Stuck in doing Physics, Chemistry, Business Studies and my Media movie. Sweet. ",0
"@VMDoug Hey, its crisis for everyone ",1
UGH! Why don't I live in California?! Coachella's lineup is SICK.  fml,0
in the army... for another week.. ,0
"@shrek9 well 've no option but to do tht...just tht it was my 1st cell 'n a gift from bro to boot, plus tht damn thing cost 11K back then ",1
is in chem. going to marys later and meg and billy are coming ,1
Ok wtf. Why did my pc reboot itself last night? I lost all my Firefox tabs ,1
@selenagomez hello Selena!! Im a huge fan  Please can you follow me ! Im SOO bored got school 2moro  !! Please write back Thank you xxxx,0
"i have failed you, martha. ",0
I wish my ears weren't clogged... or my face.  I am tired of being sick.,0
loves her iPhone but hates the fact tjat she needs to charge it often ,0
Been a long day. Tomorrow is the last day of Spring Break and I need to get homework done ,1
It's gonna be a long agonizing Tuesday. ,1
I'm a problem that'll never ever be solved! ,0
can't wait for her cash. come on KRudd ,0
"Trying to celebrate Madalyn's 7th birthday, but she's sick ",0
@zaccolley There's only a few here. Mostly year 11s ,1
studying physics for exams tmr ,1
Small nap before the festivities tonight ,1
@youngaq nah I dont even lol haha thankssss for the page love ,1
"Finally found a house to rent for next week's content shoot. Took a nap, ate some pizza, apparently I am not going out tonight ",0
@thorborg Perhaps you should divide production into bits so you don't burn out. Just a thought... ,0
@scarydan hasnt happened yet. trust me. you'd know if they had! i'd be screaming still from the excitement of it all ,1
"2 months to go, and i will finaly see my family again in the philippines!it's been 1 year send the last time i have seen them ",1
"There is much to be said for drunken singing. Shopping time now, plans for party under way! Doctors apts   but must be done. SPRING HERE!",0
I wanna get over this already.  I hate being sick ,0
Doing courseworkkkkkk  ,1
@xx_maria ugh sux2bus. i'm on prepaid as well so accessing the net is bloody expensive! &amp; pretty sure txt updates cost a fair bit too. ,1
@VoiceofCritics ok. gonna have to send it tomorrow. my comp went dead ,0
My brother is sick too lol. Quite weird ,0
@AMyburgh No problem. ,0
i've caught the fluuu..*catch* ,0
@christinezegt It's fine if u'r smart and know it wouldn't be ok with music  but what about those not so smart? They might think its ok :/,0
@twtfelipe Sorry I already have plans tonight ,0
@kennyburns say something profound  I'm having a bad day. My college is trying to f me over. ,0
I want a third day to this weekend ,1
"Man, i cant wait to appointment for sd screening auditions. Whatever they're called. ",0
@befuddle ull get used to it and u will even think its too small..ive got 46 inch for a while and cant stop thinking to buy a bigger one ,1
@sunshinebudden Hello  (Correct me if I'm wrong) Your Amanda's sister right??,0
Currently doing GCSE Revision ,1
And p.s. I'm getting paid to boss my sister around ,1
Hate my life sometimes  xx,0
@CoreyOConnor Get a paper today Brandio said i'm in the life section about twitter ,1
"Soakin in the sunshine, I'd have my windows open, but the grass is getting mowed... what a nice problem to have ",0
"Today being Sunday, plan to chant 16 rounds of Mahamantra. Never done it before ",0
Oh Boy.  I get to got to the field tomorrow.  Small planes are no fun.  ,0
"@hannahsix cream for his eye and he may have herpes - not ocular herpes, but a different strain.    He's doing okay though.",0
@jessicastrust sipping a cappuchino here - choice of the monks  i,1
"3 apples, 2 nectarines, 1/2 flat strawberries, 1/2 bag of grapes, cup of chopped walnuts, sliced, diced, and mixed 2 yummy perfection ",1
"@CaptainJack4 That sounds like a plan!  If you watch and like it then buy it, if you don't like it then you'll save yourself some money ",0
"relay 4 life was soooooo fun, i am so sunburnt ",0
Can I drop my phone even more?  No white screen yet.,1
@bobbryar i miss your posts dude  xo,1
flu shot.. ouch ,0
@stewarttownsend and your shirts ,1
"it's raining  i was going to take chance for a walk, but not anymore. we're stuck in the house",0
"@inspireinspire aw, I am so jealous! ) please, take me with you ",1
@Jonas_Fans I will leave them a comment telling them to follow!  ,1
@NeeCee75 @TheReal_KG ,1
@Natacha90 jealous! i'm stuck at work ,0
@tommcfly always a good thing  ,1
"@Twxtd4Jordan well, i wish he's let us in on it...so we know when our man is on....i'm missing him lately ",1
"@AnnekaF Haha, I'm not that silly I'd need another job first. Got more plans into motion for moving overseas now anyhow ",0
@mileycyrus i love you for clearing up all rumors  gossip sites are frigging annoying ...though i love to read them  bahaha,0
It's Record Store Day and I'm out of money. ,0
@cindylake tonight hurts bad!!! Hote Tuna cover LTP over 20 years ago SYM bustout.blight &gt; RMH = get serious. gradle WDYBT? TPOT &amp; Jack ,0
roll on sundayyy  ee actualy excited for the trip ,1
Another power day. On my way home ,0
"Wont go back to KFC for a while.  Where KFC failed is: I ordered my usual fave, but their guy suggested the &quot;special&quot; instead. Not yum ...",0
"oh joy, GMail down again! This is getting silly, it used to be so reliable now it is flaky as hell ",0
@heyrileyy wow you had a pretty bomb day!!  I just got home from six flags but it was fun,0
Sexy Saturday...but unfortunately i cant enjoy it Im stuck here studyyin.... ,0
"That's me and me friend. And I'm not drunk, just very tired  http://tinyurl.com/d5ymu2",0
250km to go. Torture. And iPhone almost dead   http://tinyurl.com/crtkd8,0
@JonathanRKnight Looks like u r done for the night.    Get some much needed rest and enjoy your time off!! Love U,1
Not drunk at all  @kirstiekalamity,0
5th row at tropicana field ,1
@silverstein i don't have enough money!  i only have enough cash to buy an album from a band you helped make famous (Aiden)...,0
@WillYoungfans Waves and says good morning and nice to be following ,0
@sarahbetterlife back in the overcast skies  our flight home was painless any ?'s you need to take a course on working controls,0
Ya notaron que sale &quot;el profesor pati�o&quot; en &quot;The Godfather 2&quot; ?? ,1
@DivaTink http://twitpic.com/3jksx - Where is the wine??  You look fabulous ladies ,1
@adean Having problems finding IResource in your repo? ,0
can't wait till The Proposal comes out! i love chick flicks ,1
@segoox2 I've got no fucking clue lmao! Wher are you I wanted to sit with you  comeeeeee here!!!,1
@adrenalynntoao  i keep pacing i don't want to be at home but i don't have anywhere else to go,1
"@louiebaur hello back!  I'm nocturnal tonight. can't sleep, watched a scary movie--Jeepers Creepers(pulls blanky over head &amp; peeks out)",0
I hate that living in L.A. and being surrounded by perfect noses and huge breasts has caused me to question my own beauty. ,0
"Getting ready for next week, we're going to play armys in the woods! ",0
Other side of thee fam irks my last. Why did I ever meet those bum bitches ugh they make me sick HATE THEM thee most ,0
"@StephWeber I must not have unlocked that one, yet. I'm a slowby. ",1
is missing talking to my bff on da phone!!!! ,1
"@champsuperstar I know this is random.. A friend and I are visiting in May, would you be interested in letting us stay with you?! ",1
is going to Sonic in Ohio today ,1
"Went to SketchyVille with my sister at night. Gang rival tags in a sketchy place at night? Yeah, I think I will pass next time  haha. Nite",0
Up early ,1
@ariestotle HAHA I want the 4th year people to see this  I WANT TO LOOK SWEET ) nose. wala akong plans ),0
"I FUCKING HATE PEOPLE ;_; Seriously, what fucking twat would try to pull someone out the car, threaten them and them fucking follow them? ",0
@Schofe not off the side of the bridge I hope? ,0
?'s the sun and cant wait to see her mum and dad on Thursday ,1
"Swindon draw, Blackburn lose man this is turning into a nightmare season ",0
@fuzzy29 Yeah I know what you mean. I thought it was more than this too. Kinda disappointing huh ,1
@duccky well there you go!  and no prob!,1
@ReaganGomez I hate when childish petty feelings come before the welfare of the child ,0
"I am soooo hungry. Worked out super early, felt like puking, lol. ",1
@darylljann wish you lots of love and blessings on your birthday  have fun!,1
can't really believe i'm watching fireproof again. huh. at least i have my sabbath chocolate with me. ,0
Trying to find a tech job. Can't find any entry level jobs any were.  Also just about every job site has more spam now then jobs.,0
Blah....sick with the flu ,0
"@Glinner awwh I feel dirty now, having followed an amateur armando  damn fakes!",0
gettin' ready for the wedding  love my new pumps - but they are TOO BIG  :S ugh this' gonna be a problem tonight.. xD,0
"Frederick just turned off the blazer game to watch Harry Potter, I think he is mad at the blazers.  But I don't mind the change! I &lt;3 Ron",1
@heatherkoyuk  But it's really a core problem. Very few customers understand that you can be brilliant at web logic yet lacking web flair.,0
Hiccups ,1
@amber_benson They're awesome words  I like the words Skeletal and Idiosyncrasy.,1
"watching tv, too tired to go out ",1
so tired today. drinking isn't a good plan when you don't drink ,0
"@cat_piano YES TO SPILL! Fiona, you MUST come! Angus will be making a wee appearance too. It would be a pleasure to see you!  xxx",0
"I have had an allergic reaction to my contacts, stuck with my specs until it clears up. Means and end to my breast feeding tho ",0
@Ana_X no problem  i don't have a lot of work besides projects i'm already working on and almost finished.,0
"@DefyingDestinyy lmao, that sounded so dirty. sean BIGGERSTAFF haha. ",0
Definitely wishing I hadn't married into a family of Evertonians ,1
mr twitter what r u doing? i can't send direct messages anymore!! ,1
I'm going for a walk...around the city ,1
Off to be a weekend warrior with the Army National Guard  help me out and distract me from what im doing !!!!,0
@DREKIAD4L welcome to my twitter family  i know i saw u out there @ the shoot today! i have a good ass memory. lol,0
vacations makes me feel sick! ,0
needs IDR 8.000.000 on cash right now. Ada yg mau nyumbang hehehe ,0
f&amp;@k the weather!! I'm in Paris!  Let's go have a beautiful day ,1
@k_austin awe  double today and thursday? damnnn girl. gotta love regal minimum wage pay.,1
@jon8737 sounds like my night! hope you rested well anyway ,1
In hollywoooooood!  deuces&lt;3,1
"got some ed hardy shoes, comfy slippers, and really nice silver heels, today was a good day.  working on some lovely law day stuff....&gt;:O",1
considering going to the airport buti dout i can  not fair i wanna leave this place for a while. but juvi in japan is not the place,0
a lil bit burnt.. relaxing inside all day but wishing i was out in the sun ,0
@stephaniepratt steph!  i really like you but i think spencer should treat you better! lol. xx,1
Is the problem really just the money? I think Europe lacks startup cohesion  http://tinyurl.com/cz74s8,0
"@freshfelicity I prefer foraging too! But will buy if I have to. Richmond is fairly far, I am in Zone 3 NE London ",1
I want to say hello to my new followers!  If you didn't know I have a youtube channel also so feel free to check it out and subscribe! ,0
@T_Sila Damn. I wish I paid attention in my biology class  I only had time for spaceships in university ,1
@KarsentheSlater I'm getting pissy lately - I know I make mormon jokes at you - I'm sorry. I hear mormon jokes now and I feel bad. ,1
"@heybrooke haha, is this what you experienced in the past?  i'll go ahead and apologize before you answer that ",1
"Was up until 5am with a stomach bug, why am I up at 8? It's not gone yet ",1
Damnit.  Caught favourite necklace on kitchen cupboard. Strangled self then snapped chain. ,1
Just got a rosee from a guy ,1
back @ work. Had a bad start of day almost falling down the stairs  Not enjoying work yet...,1
says Goodafternoon people. :o  http://plurk.com/p/oygzs,1
@kaex88 Running in Eastie? Who was chasing you? That's my old 'hood! Lived there until I was 12. Did you get Santarpio's Pizza afterward? ,1
um.  i think i bombed that quiz. ,0
Strider is a sick little puppy  http://apps.facebook.com/dogbook/profile/view/5248435,0
ugh been hacking one sql query all day. Still haven't gotten followers working. ,0
@MandyyJirouxx  Say Hello  lol x,0
About to leave for tast of Oviedo and taking Cait to dance class.  I'll tell Ms. Morgan hello for you   Hope you are having fun!,0
Thinks that glasvegas are the best band about right now ,1
Good morning everyone and hello to all my new followers ,0
Thinking of buying a netbook? Watch the GS's netbook 'mini adventure' here http://nn.nf/5584 for inspiration ,1
@Jesscaz @bazanna my susanna banana is going to dc polo w/out me  u better still have money2come here this summer. i planned some stuff ;),0
This 10-calorie vitamin water is quite disgusting ,0
Trying desperately to find a particular 'fandom secret' about Gert Yorkes but failing miserably ,0
(and HR) have painstakingly made the huge sacrifice of abruptly slamming our mac lids down. No more distractions! ,0
@littrellfans Its all good. Just figured you would like to know. ,1
"I must be feeling a bit better today! My sense of humour is in full on &quot;strange&quot; mode. Energy still low, but I'm trying! Wife is now sick ",0
Gahhh THIS TWITTER APP FAILS ,0
"@lancehenrikson just writ a @ticketbot thing, it is spamming people with tickets for bands with &quot;that word&quot; in. Probably children too ",0
@katephelan mr nimoy did not attend the screening AFAIK ,0
"is excited that SONAR has been deployed in another Fortune 250 company, this time a global financial powerhouse.... ",0
I'm lying in bed! Can't sleep - gotta be up at 4 for a shoot!  ,0
...going for a four-mile night run....around the old B-52 bomber on Andersen.  gotta tape my ankles!,0
"sunrise in Cambridge, MA  decent set by Glenn though would've liked to hear more heavy tech. officially psyched for TyDi  #asot400",0
I miss @Jermo15 @Daveyf15 @Breck15 @JustinShameless @RickShameless @Marcopolo15 and @Davey15 already. Long drive home! ,1
@lalonde Thanks for the budget feed tip. Following the disaster as it happens ,0
Still having problems with the iPod   Disk is storing data out of order &amp; I keep getting a disk error...my entire life in music...,0
@chaddyp that movie is so sad! ,1
"Well, @LilWO was having a tough day/night. Wanted @TinkFan to lay down w/ him, and she passed out, still sick   http://twitpic.com/3i2jo",0
doing nothing now ,1
@SandyMcIlree aren't u famous? Everyone knows JB and Sandy in Austin. Guess I need to unfollow. ,1
I'm home! ,1
"@tgadget Thanks for your tweet, but I am   Hopefully they are aware of the problem? Hopefully they will &quot;fix&quot; it sooner rather than later.",0
mining the long tail for negative KW's for PPC ,1
"@MurasakiTeapot shatters instantly, with the spout it bounces it back at the attacker, its also a natural defense mechanism ",0
"Fever broke in the middle of the night, but its rising again ",0
@mikasounds I was outside for maybe an hour and a half in 70 degree weather and I got crispy...Fair skin is a killer!! Sun burn sucks ,0
@Janiece65 I take back my smugness at your snow.  I'd trade.  Our wasps are waking up.  ,1
Stuck in the office on this beautiful South Florida day! ,0
I'm supposed to be getting warmed up to play football and securing my place in the final at Wembley but it's cancelled and i'm gutted ,0
@privateboi aww  Where is she performing at....HOB??,1
Borders closed at 10 ,0
@jordanhowell awww damn!  At least I can be safe in the knowledge I was pretty close. =D,0
@urbns0ulx no way! creative mind forces create musical ear canalgasms. you inspire me  (wht am I tlking abt?) i ramble huh? lmao,1
"Finally got my armored riding dog. Bye bye 20 feet movement speed, hello mounted combat.  http://twitpic.com/3i7dl",0
is hoping today will be a good day...I'm thinking it will be ,1
is heading to Hebrew School for a spiritual death match: soccer vs. Shabbos. Like Shabbos even has a chance? ,0
Missing Church today... I Hate Being Sick  Listening to Day 26's Forever in a day! It's awesome!,0
@Treenz22 @mynameislloyd @fritzanator Awesome time tonight. I knew you would check twitter before bed. Ha Ha ,1
"@dorkscotch oh tak, from penang ",1
Doign school work for the last 2hours..not fun! i HATE math ,0
"i'm icing the knee i fell on.  it hurts like hell.  didn't the entire night, until now.  ugh.  FUCK.  owwwww.  ",0
I'm stuck sitting at my work desk on a beautiful Saturday! BUMMER!!! ,0
Everyone follow @charitywater. It's a truly wonderful cause. ,1
so we never went to softball. o well haha. hanging in my room and then dinner. idk if i am going out i still feel icky ,1
@SmashMe_EraseMe aww lmao! Thanks!  It's an amazing song. &lt;3,1
Well... It seems like I do in fact grind/bite on my teeth too hard at night. First night without Valium and its worse again. ,1
"@Jennifalconer you too, good luck with the photoshoot, sure youll be fine! ",0
I really miss Michelle  *sigh*,0
"@Stormlite02 oh, great. love ya. poor thing it's not happening in so near future ",1
loving the credit  crunch ,1
I feel like crap on this fine mornin... gettin sick  I need my medicine,0
"@0xdeadbeef yup, looks expensive. But in the states people get a boat or a car as &quot;l�nef�rm�n&quot;, maybe you need a new monitor?? ",0
@BlueEyedBomber EXCELLENT!!! Missed you Saturday night ,0
Gettin' down to some Hollywood Undead. Mmmmhmmm ,0
I hate converting movies just to put em on my itouch ,0
"@robbiechampion that's always a tough decision.  I'm stuck with either Panera Bread, or Maggianos. Ugh, decisions decisions decisions..lol",0
@SaveTheStrib Dang! I would have done this if I knew it was there earlier.  Any other outings planned?,0
@xomileycyrusxo My sister may have a kidney infection PRAY 4 HER! ,0
"@noreenramli Oh babe!! Drove past Pink Sage today,think we saw you but we left a different way so couldn't pop in to say hello ",0
@shedfire MrsShedfire been taking pictures of you without your shirt?  Bleeeech! ,0
Sick at home  The worst part is I can't even play Guitar Hero World Tour... My life sucks...,0
"Think I've got a post op infection, grumpy but can't help it ",0
Morning. Today and tomorrow are going to be hell .... need to cram 2weeks work into 2days before i go back to school on tuesday ,0
"@SOSolutions Glad to help. If you have  other WordPress questions, go ahead and fire away! I must have run over 100 installations by now. ",0
Another day in the sun! Why does the weather ALWAYS get nice just as I'm going back to work? ,1
@MissNappyBoy and ur home is where? ohhh i nkow lexington ky rite next to me ,1
"@Willie_Day26 doing this damn outline for a script! Smh, hella  time consuming. Shouldn't you be taking advantage of some REST, perhaps? ",0
eeee i have a bunny in my lap! ,1
"had a horrible night - got a flat tire, made me miss a deadline ",0
#asot400 thanks you arminnnn ,1
Just painted my nails in peppermint patti!! off to bed now goodnight twitter people   http://twitpic.com/3kxb6,0
trying to install Redmine to nginx is it possible? ,1
@tommcfly Hello! You should have the cereal with loads of sugar ,0
@CoffeeGroundz Thats wonderful news! So glad everything is safe and sound ,0
@virtualewit well I don't plan on baking any but anytime I buy one I'll get an extra one for you ,0
"Congratulations, i hate you ",0
Loving my new Logitech Pure-Fi Dream...  My long awaited Ipod dock has finally touched down ,0
totally feeling like shit. hate the fact that i have to go back to school tomorrow  life just went downhill all over again.,0
"@o0omunkieo0o if you leave me, i'll be really ",1
at the house tryna take care of a sick moe.... ,0
watching hannah's show !  suihaiushaiuhs,1
I am layin in bed @ 3am cos my tummy is beatboxn so bd so I hd 2 wake up. can't eat. Unburnable calories nt gd for my &quot;abs&quot; I am hungry! ,0
"aww man, i cough a lot these days and my throat hurts like hell...i might get a doctor check-up ",0
"All going according to plan. ...Oh, joy ",0
@wcweeks No worries at all ,1
what a nice shower! Uh oh its getting cloudy out ,0
sarcasm never brings me down dearest ex-boyfriend. and hell yeah im a bitch and PROUD of it. which girls never bitch right ? ,0
@WaveFoundation oh my   I could definitely see me dropping some money on caffenated goodness here ,1
@cartman +1 ,1
These people are crazy!! Its like they are always watching me..waiting 4 my next mistake. They already attacked me multiple times tonight ,0
@redpr no  looks like housework for me,1
i think i'm getting sick.  ,0
I hate being treated different by someone when other people are around. ,0
@MsQueenn wow did your iPod break? You haven't posted in hours ,1
"@rivetz I miss hanging out with you, too. ",1
about to leave to the airporttt  bck to Melbourne. @judahchew hahaha I saw you today! Byes!,0
Happy it's the WEEKEND!!!!  Anybody out there have any special weekend plans?? ,0
"@LadyLeamy But where you live consists of a project from hell.. scary.. Probably both days.. dunno, I have to plan by hours not days ",0
Finally heading home. Virgins cancelled tonight ,0
...flooded in at work.  not cool.,0
still in the business plan meeting.. Too many back to back presentations ,0
"@TomFelton if you're feeling a little illegal and want to watch new eps of entourage, go to www.surfthechannel.com. ",0
"@brahmresnik you are full of good news today  , but I am not shooting the messenger...",0
@Giabow No way! awesome  No IM today?,1
I hate waking up in the morning with a sinus infection. It's the worst. ,0
"french are way too serious on social media  @whatleydude was much more relaxed, had no paper to read from and it worked better ",0
sdafghjkl;jhgnfbdvsdfghjkj i hate things like this ,0
Twitterberry not responding  BUT mobile net fine! Off to a meeting in the city for AMF. Not ready to get back to my life so soon! miss l.a,1
fuck one of our apple laptops went dead FUCK! graphics pics and files gone....  -Cesart,0
I actually miss D.C.'s Metro...especially the Federal Triangle stop. ,1
"Not fun transferring tweetdeck.com to new hosting  Should be there now for most...apologies to those affected, working on it",1
I had a panic attack because of Metallica. ,0
"@deru_musicYall me, you got a fucking problem with it? ",0
So Behind the Scenes Footage caught me doing something I am very apologetic for. Really SORRY Kevin! ,1
"I was fine until I had to speak to the nurse, now she has made me doubt myself and my decisions. Feel totally and utterly deflated ",1
@ThiaHeartsNick OMG that's awesome!! thanks for asking and tell us! ,1
"One of my babies (Turin Cat), is sick. Need to take him to the vet first thing in the morning. Poor little sweetie pie. ",0
@Bash well that's me grossed out for the rest of the day  Shocking pictures.,1
"Morning off, being lazy ",1
"@ginoboi  oh..i HATE you for getting to watch Slumdog this early  me, i have to wait for the actual day it's coming out ",0
just passed a freeking stone..... 15hrs LATER!!!!! ouch ,1
"@smeyen cu on tuesday #jax09, unfortunelately I cannot attend the monday evening speaker event  ekke",1
"@stark YOU don't follow me, either  and i work for you!",1
sickkkk  and i'm going to be at north star today. boooo.,0
@Nicola_Donnelly i cant believe you &amp; amy are abandoning us...Criessss ,1
@miamiiboii dead @ yu gettin on wen im leavin ,0
Can't wait to start running again!!! ,1
@vivaleces nothin...  the sunday sessionistas take up to much space and make to much noise to be enjoyed,1
Bored  miss my boo ,1
@clickokaynow No  The kitties didn't make it out.,1
Wtfff  i hate being woken up lol,0
@stewiebrittany no  i dont even know how to ride it,1
Just got home from a little morcyle ride. Now heading to work  then I am off for a few days and start shooting my first podcast episode.,0
@scttw Just said goodbye to forum mates who don't get OneHD too  Doing my best to not leak spoilers out,0
oh god. so sick of editing. not even halfway through ,0
i'm so tired. haven't slept since yesterday!  hope the plan still goes through i'm not in the mood of sleeping my weekend away. AGAIN!,0
i think i miss josh but still dont like him at the same time ,1
@SarahJGoldsack Apart from giving Joe formula instead of the THREE BOTTLES I'd prepared - grrr - he was great ,0
"P.S. I'm done being emo. Not productive. Got a dentist's appointment in an hour anyway, I don't wanna be all buhhhh since I gotta smile ",1
new to twitter... working out what to do... then going to bed ,1
@leahita Thank you. ,1
@cdndyme sounds like fun.. all the hockey players are from Canada..even the ones on the Stockton team...was hoping some stayed nearby  ,1
@SelenaJoey oh and you shud post ur trident commercials on youtube! Haha  that will be funny. &lt;3 xx,1
@LFTA ...And Prince - Erotic City (Feat. Shelia E) ,1
@mantis21 The Blizzard  #ASOT400,0
I heart Paul Walker ,1
Came from a video shoot this evening. Found a new great vendor for CustomPCPlanet.com. Tomorrow is another day ,0
@JRobz i loved the lunch room scene... i really did not think i was going to like it but i did...pure awesomeness ,1
Stuck indoors doing college work  Enjoy the sun people,0
i really shouldn't be allowed to do the washing - mostly ends in a desaster ,1
Glad my PC had stopped randomly crashing;  it wasn't very conducive to work  - http://bkite.com/06fNh,0
"@lucyrider Haha, our windows are barred. I'm a prisoner 9-5! I wish I was joking  Such a beautiful day too!",0
"@thewebcoach 2 soccer games, planting in the yard and cooking a big fat steak on the grill for dinner, than family movie night ",0
"@jimmywalker The ability to write scripts to integrate with twitter is one advantage, but really it just shows how much of a geek I am ",1
"@ErikGelderblom it's like one blurry cloud! and every cloud is, apart from density, at the same spot! useless Erik, have a 2nd look ",0
"@GrantACummings Nah. Obama had UNC as his champ, Izzo should get a $479 billion bonus! ",1
is going babysitting! and my neck is in pain! ,0
is still trying to find a friggin hoodie. Ugh. Maybe the season is gone for a good hoodie. ,1
doesn't enjoy Twitter...it's mighty confusing! And I have no friends ,1
Lol @aplusk sorry to hear that u r sick  get well soon!,0
Can't believe i'm stuck working on such a lovely day. Off tomorrow so can bet its gonna rain ,0
Jury service was a bust. All done and never got to serve on a trial. Goddamn guilty pleas mean my 2 weeks off work has been cut short ,0
@KristinJonashq the veronicas ,1
@AngelVain Now you're just teasing us...thats just so unfair  LOL!,1
@bartisthere  gee thanks!,1
"@wundergraphiks ahhh, spurs........mavericks.......maybe.........watching the rockets may ease the pain ",0
powers out all in DeLand.. wind is so crazy it blew over a power line! but class must go on ,0
Webview (one of control of iphone sdk) is too slow that even for loading local custom page it takes a marginal time ,1
bedtime finally work in am then plans with katie ,0
7 hours of work followed by room cleaning and my return to school...fun day ,1
just got back from volunteering...rebuilding worcester. Painted rooms in a soon to be transitional shelter for Veterans.    So tired.,0
Needs to stop sleeping all day.. Causes some problems when you're wide awake at 2:45am... ,0
"Stop looking around, happiness is right in front of u! ",1
bah humbug-- not selected for the grant. no plan b yet. ,0
@ABabyBlueEyes May 19th. Will be a free download so make sure to check it out when it drops love ,1
packing. Getting ready to leave Los Angeles tomorrow.  I don't want to go home!,1
spent most of the afternoon asleep in the garden. Thank fuck I don't burn. Work in 5 hours ,0
blegh! starting term 2 tomoro!  and still havent finished my homework HAHA! but whatever =D,0
@Narelle_NZ ouch they can be a pain  get them at work with the bag tags and boarding passes at time ...,0
@oeyz @armymy i saw it in his fcebook relationship status fakk i really wants him so bad  but thts ok coz he said he was happy talk 2 me,1
4:30am maybe I should try and get some sleep...probably not gonna happen though. Oh well! Holla ,1
"Now that I understand why Kutner died on the show, I feel better  I was uber pissed/sad last night, LOL! #house",1
Home sick....not feeling good at all....I feel like I am coughing out my lungs!!!!....And I don't smoke.... ,0
its killing me that im promoting my new blog far more than my old blog but the view count is dead in comparison to the last one  what  ...,0
"Sitting with my sister, enjoying a Guiness. ",1
Man...now CollegeHumor has a thing on their site about real life achievements.  we should of capitalized when we had the chance.,1
@rachelsuzannee GOOD IDEA! but i have no green paper either ,1
if my nutritionist knew what i had 4breakfast or even @3am this morning or what made me eat @3am this am she would probably $#@! me out. ,1
@daddytoms sad yea?  #asot400,1
@vdebolt Thanks! I'm glad you got a kick out of the strip! A lot of the credit goes to Heather Burns tho. She gave me the idea. ,0
Is very sad right now  i hate life!,0
Too many errands to run today. ,1
@AshFoo UGHHHH i hate you  *jk* &lt;3,0
Sleep all mucked up here for DS. Transition to one nap = up at 5:30??  yipes! Help! #mom,1
At THUNDER over louisville with my family and favorite boy ,1
@moonfrye I wish i had half the energy of my kids ,1
Having a nice night after gig until it gets ruined by Pervy blokes  humph!   can't dance and have fun with Pervy drunken blokes ,0
Took me 10 minutes to read through tweets from last 10 hours.   Good stuff.  ,1
"@KATaylor007 Wish I could go with you    I am not going on the cruise. Hope you have fun! Have enough for me, too.",1
"@RhapsodyCoach Indeed! Takes the mind off the exercising, which I guess could be good or bad. FWIW, I'm enjoying them. ",1
I've got a proper cold and lack of sleep has exacerbated my 'man flu' with a headache  Poo.,0
"Bay area rainbow symphony - Bach double violin, copland, dvorak - good company ",0
Today was pretty crackin. Happy birthday Ilyssa ,0
is damn sick...my head is literally blowing ,0
i lost 2 followers! ,1
just stayed at home cuz my daddy is sick ,0
"@marinavt, Hello Marinaaa! xD How are you doing? Thanks for following me,  But I write in Dutch lol. I miss you  We need to talk often! (:",0
Just bought a car and my impending fatherhood is affecting my judgement.  Out with plans of a 330CI and in with a Rav-4 ,0
my cold came back. ,1
"@JoanneSkywalker It's really depressing!!! It teases me, by working fine up until I try to save the people I created. What the hell! AHH! ",0
#ASOT400 The Blizzard feat. G�te - Iselilja (the vocal mix) if I'm not mistaken ,0
"@yaOHya Hello Jennifer, welcome &amp; hope you enjoy it here  x",0
@lenejohansen I had to reschedule bc a throat infection kept me home yesterday ,0
im off to bed with a huge disappointment in my heart ,1
"@quinparker I find that, in this age of internettery, this is how you perfectly express sorrow and empathy for another's pain ",0
@Starrybluesky Hello back at ya  and Thank you!,0
set my alarm to wake up... wanted to speak to my sis in Africa on Skype - I miss her sooo much ,1
"continuing my work in the garden. #haiku � earth, plants, wet stone, breeze / oh lovely analog world / scratched and dirty hands ",0
Clement Freud is dead ,0
@blissneso please come to Hobart ,1
@JamesP777 LOL that's nastyyy. nothing wrong with being a fan of someone. ,1
@marchb To the photo shoot?  May be a tad too early for booze ,0
"@tomstoyz Hee hee, want!  Hello, Bat-Kitty. You so cute.",0
"Mourning the death of my camera, you will be very, very missed ",0
@Zerockas I wore my cuddle shirt... and got no cuddles ,1
Today is not a good bowling day ,1
Getting ready to go home super tired   ** mo **,1
I did go to sleep.  My eyes were heavy.,1
@omalleymj ooh this makes me miss Fluer  http://tinyurl.com/c49rgl fantastic!!!,1
@ladyisis13 sorry to hear about the car! ,1
Just finished mowing the long. Going to go get washed up and changed. Then going for a delicious dinner at Cracker Barrel ,0
Awww maaaaan its a beautiful day ,1
ahh.. another beautiful day  prlly tanning outside.,1
YES FINALLY. going out to nicoles to drank and have a bonfire ,0
Amazing night and great day...I LOVE my Heels!!! ,1
"Someone egged my bedroom window, I know who ",1
i definitely have to repack with warm clothes.  this is not exciting. i was looking forward to sun!,1
Is stressing out because my blackberry keeps flashing a red alert status for no reason!! Its faking me out and I hate it!!! ,0
@antonio_gascon it was super delicious. Rachel was super nice and helped us pay for the rest. and im super scared ,1
"@timjeffries hmmm for that price I could get an Airport Extreme n stick a USB disk on it. Of course, no DLNA, no torrent.. ",0
digging everything cobra once more ,1
"I'm sweating my forthcoming trip to E3.  If I can't find someone to crash with while I'm out there, I may be screwed.  ",0
my cat is sick again... congestive heart failure .. not sure if she's going to make it this time ,0
One great thing about Twitter is you learn to &quot;skim read&quot; and screen content using icons. ,1
@alexsuicide im on the run now ,1
@jonreed It's a bank holiday! Join the rest of the nation in B&amp;Q and garden centres ,1
@pydanny that's very true ,1
g2g to work ,1
"@b50  intelligent ofcourse, trying to escape a losing argument - sardar got angry  #IndiaVotes09",1
"motorcyle fixed, house is clean, going to bed ",1
"@magicpatch Thanks for information.Oh,no it's falling down ",1
"@ Internet station..shop/centre..my 3 computers have all crashed, over @ tech man getting fixed, could b quit 4 a couple of days ",0
@Eviestar : That's cool.. if you could input commets on the forum..It would be nice ,1
p.s. @TobyDiva is one of the smart folks - I will totally be buying her book when it comes out! ,0
college visit ,1
Going to make some French toast for...breakfast...then I'm laying in bed all day with this rain ,1
"@mona_tweets Ugh, what a PITA. Glad the resto is helping out, but bah on having to wait for the bank to release the funds back. ",1
@vuhhnessa Awh! Thats no fair if you have both even if one is your backup plan! Haha! ,0
Watching the boys play golf....  about to go home and watch the office and laugh myself to sleep,1
@sarahstanley Yay! More hills ,1
